2.1669984562322497e-06 	 539
9.170034900307655e-07 	 539
2.0840088836848736e-06 	 539
2.125001628883183e-06 	 539
1.66997779160738e-07 	 539
2.0000006770715117e-06 	 539
1.291991793550551e-06 	 403
1.00000761449337e-06 	 403
6.250047590583563e-07 	 403
7.920025382190943e-07 	 576
1.1660013115033507e-06 	 576
2.9199873097240925e-07 	 576
7.079943316057324e-07 	 576
7.499911589547992e-07 	 469
1.2079981388524175e-06 	 469
5.420006345957518e-07 	 469
9.999930625781417e-07 	 850
1.5830009942874312e-06 	 850
7.080088835209608e-07 	 850
1.66997779160738e-07 	 850
7.500057108700275e-07 	 850
1.5419936971738935e-06 	 850
1.0410003596916795e-06 	 850
5.00003807246685e-07 	 850
2.0899460650980473e-07 	 850
2.4170003598555923e-06 	 955
3.8330035749822855e-06 	 955
2.6249908842146397e-06 	 955
1.8330028979107738e-06 	 955
4.125002305954695e-06 	 955
3.875000402331352e-06 	 955
3.4580007195472717e-06 	 955
2.8340000426396728e-06 	 955
3.749999450519681e-06 	 955
4.5899651013314724e-07 	 955
2.125001628883183e-06 	 616
1.1660013115033507e-06 	 616
2.0839943317696452e-06 	 616
2.0839943317696452e-06 	 616
1.4999968698248267e-06 	 589
2.5000044843181968e-06 	 589
2.9199873097240925e-07 	 589
1.9160070223733783e-06 	 589
2.5839981390163302e-06 	 749
2.0830048015341163e-06 	 749
2.090091584250331e-07 	 749
3.2090028980746865e-06 	 749
1.2090022210031748e-06 	 749
2.833010512404144e-06 	 749
2.9579969123005867e-06 	 749
3.3300602808594704e-07 	 749
2.0840088836848736e-06 	 749
7.079943316057324e-07 	 749
3.3329997677356005e-06 	 809
3.667009877972305e-06 	 809
3.541994374245405e-06 	 809
3.7080026231706142e-06 	 809
1.8330028979107738e-06 	 809
1.2920063454657793e-06 	 809
3.16700607072562e-06 	 809
7.920025382190943e-07 	 809
2.125001628883183e-06 	 809
2.5420013116672635e-06 	 809
1.4170072972774506e-06 	 987
4.0829909266904e-06 	 987
3.7500140024349093e-06 	 987
1.0840012691915035e-06 	 987
4.62500611320138e-06 	 987
1.4169927453622222e-06 	 987
3.749999450519681e-06 	 987
1.5830009942874312e-06 	 987
3.16700607072562e-06 	 987
3.4580007195472717e-06 	 987
2.582994056865573e-06 	 633
2.3329921532422304e-06 	 633
1.0830117389559746e-06 	 633
1.7080019460991025e-06 	 633
2.5000044843181968e-06 	 633
2.45800765696913e-06 	 633
2.2500025806948543e-06 	 633
3.583001671358943e-06 	 991
1.8749997252598405e-06 	 991
2.0000006770715117e-06 	 991
3.749999450519681e-06 	 991
3.2079988159239292e-06 	 991
4.0000013541430235e-06 	 991
4.375004209578037e-06 	 991
3.374996595084667e-06 	 991
4.250003257766366e-06 	 991
2.5420013116672635e-06 	 991
3.7500285543501377e-07 	 311
1.4999968698248267e-06 	 311
1.2079981388524175e-06 	 311
4.5799242798238993e-07 	 311
3.3300602808594704e-07 	 311
2.9099464882165194e-07 	 311
1.2500095181167126e-07 	 823
3.583001671358943e-06 	 823
1.6701233107596636e-07 	 823
1.2500095181167126e-06 	 823
8.750066626816988e-07 	 823
3.0410010367631912e-06 	 823
1.45800004247576e-06 	 823
3.875000402331352e-06 	 823
2.833010512404144e-06 	 823
2.2089952835813165e-06 	 941
4.0000013541430235e-06 	 941
8.329952834174037e-07 	 941
3.91600769944489e-06 	 941
3.374996595084667e-06 	 941
3.374996595084667e-06 	 941
1.7080019460991025e-06 	 941
4.169996827840805e-07 	 941
2.0410079741850495e-06 	 941
1.0840012691915035e-06 	 941
3.6249984987080097e-06 	 937
1.624997821636498e-06 	 937
2.3750035325065255e-06 	 937
3.416993422433734e-06 	 937
3.2919924706220627e-06 	 937
4.208006430417299e-06 	 937
3.7080026231706142e-06 	 937
4.580069798976183e-07 	 937
3.000008291564882e-06 	 937
1.4169927453622222e-06 	 413
4.999892553314567e-07 	 413
2.920132828876376e-07 	 413
9.57996235229075e-07 	 341
3.7500285543501377e-07 	 341
1.4590041246265173e-06 	 337
1.4999968698248267e-06 	 337
2.125001628883183e-06 	 680
1.3329990906640887e-06 	 680
1.00000761449337e-06 	 680
1.1660013115033507e-06 	 680
1.8339924281463027e-06 	 680
2.4579931050539017e-06 	 680
7.079943316057324e-07 	 680
1.5409896150231361e-06 	 680
1.834006980061531e-06 	 680
4.169996827840805e-07 	 414
1.7080019460991025e-06 	 414
1.7079873941838741e-06 	 414
9.580107871443033e-07 	 414
7.920025382190943e-07 	 315
1.3329990906640887e-06 	 315
3.7500285543501377e-07 	 393
2.9199873097240925e-07 	 834
3.6249984987080097e-06 	 834
1.7920101527124643e-06 	 834
2.9199873097240925e-07 	 834
3.4579861676320434e-06 	 834
4.1601015254855156e-07 	 834
5.830079317092896e-07 	 834
1.624997821636498e-06 	 862
3.2079988159239292e-06 	 862
3.1669915188103914e-06 	 862
3.3750111469998956e-06 	 862
2.4170003598555923e-06 	 862
1.1660013115033507e-06 	 862
3.749999450519681e-06 	 862
1.2079981388524175e-06 	 862
2.6670022634789348e-06 	 862
1.5409896150231361e-06 	 764
1.6599369700998068e-07 	 764
2.0830048015341163e-06 	 764
5.00003807246685e-07 	 764
2.625005436129868e-06 	 764
1.7499987734481692e-06 	 764
9.57996235229075e-07 	 764
1.7080019460991025e-06 	 764
3.125009243376553e-06 	 764
1.2500095181167126e-06 	 316
1.4590041246265173e-06 	 316
1.1250085663050413e-06 	 316
1.2920063454657793e-06 	 316
4.250003257766366e-06 	 997
2.3330067051574588e-06 	 997
4.250003257766366e-06 	 997
4.707995685748756e-06 	 997
3.000008291564882e-06 	 997
1.4999968698248267e-06 	 997
3.7080026231706142e-06 	 997
6.250047590583563e-07 	 997
2.2500025806948543e-06 	 997
1.45800004247576e-06 	 997
2.0899460650980473e-07 	 305
1.3749959180131555e-06 	 305
6.659975042566657e-07 	 516
1.4170072972774506e-06 	 516
1.0410003596916795e-06 	 516
2.374988980591297e-06 	 516
6.659975042566657e-07 	 516
2.374988980591297e-06 	 516
1.3329990906640887e-06 	 516
4.169996827840805e-07 	 516
1.1669908417388797e-06 	 516
2.2500025806948543e-06 	 691
1.791006070561707e-06 	 691
6.659975042566657e-07 	 691
2.8340000426396728e-06 	 691
3.7500285543501377e-07 	 401
1.124994014389813e-06 	 401
1.124994014389813e-06 	 401
1.6669946489855647e-06 	 383
5.829933797940612e-07 	 383
1.3749959180131555e-06 	 383
2.9199873097240925e-07 	 383
1.0840012691915035e-06 	 383
7.500057108700275e-07 	 383
1.2500095181167126e-07 	 844
2.707995008677244e-06 	 844
2.7089990908280015e-06 	 844
3.6660057958215475e-06 	 844
3.7500285543501377e-07 	 844
1.7080019460991025e-06 	 844
7.920025382190943e-07 	 844
2.749991836026311e-06 	 844
1.66997779160738e-07 	 844
1.291991793550551e-06 	 844
1.6660051187500358e-06 	 366
1.5410041669383645e-06 	 366
8.749921107664704e-07 	 366
2.9099464882165194e-07 	 366
9.999930625781417e-07 	 366
5.830079317092896e-07 	 366
1.2500095181167126e-07 	 840
3.6249984987080097e-06 	 840
3.2919924706220627e-06 	 840
5.420006345957518e-07 	 840
7.920025382190943e-07 	 840
3.749883035197854e-07 	 840
1.5420082490891218e-06 	 840
1.791006070561707e-06 	 840
3.2090028980746865e-06 	 840
2.1669984562322497e-06 	 486
2.090091584250331e-07 	 486
1.0830117389559746e-06 	 486
2.0419975044205785e-06 	 486
1.124994014389813e-06 	 486
6.67001586407423e-07 	 325
1.2499949662014842e-06 	 325
1.66997779160738e-07 	 325
2.291999408043921e-06 	 913
2.9579969123005867e-06 	 913
3.0410010367631912e-06 	 913
2.5420013116672635e-06 	 913
1.4590041246265173e-06 	 913
2.3750035325065255e-06 	 913
1.8749997252598405e-06 	 913
3.583001671358943e-06 	 913
1.8749997252598405e-06 	 913
1.4590041246265173e-06 	 609
2.0000006770715117e-06 	 609
7.080088835209608e-07 	 609
2.4999899324029684e-06 	 609
2.2909953258931637e-06 	 609
2.0000006770715117e-06 	 609
2.0419975044205785e-06 	 609
8.33999365568161e-07 	 609
1.5839905245229602e-06 	 621
2.582994056865573e-06 	 621
1.2500095181167126e-07 	 621
2.0000006770715117e-06 	 621
2.4170003598555923e-06 	 621
4.207991878502071e-06 	 994
3.2079988159239292e-06 	 994
1.8339924281463027e-06 	 994
3.33995558321476e-07 	 994
4.124987754039466e-06 	 994
9.169889381155372e-07 	 994
1.6669946489855647e-06 	 994
1.8749997252598405e-06 	 994
1.4160032151266932e-06 	 994
2.249988028779626e-06 	 994
1.2079981388524175e-06 	 965
2.0899460650980473e-07 	 965
2.0000006770715117e-06 	 965
3.3329997677356005e-06 	 965
2.0410079741850495e-06 	 965
9.159994078800082e-07 	 965
2.2909953258931637e-06 	 965
2.4170003598555923e-06 	 965
1.4160032151266932e-06 	 965
1.7089914763346314e-06 	 423
5.00003807246685e-07 	 423
4.169996827840805e-07 	 423
5.420006345957518e-07 	 423
7.079943316057324e-07 	 423
1.7499987734481692e-06 	 461
1.791006070561707e-06 	 461
1.0419898899272084e-06 	 461
1.2090022210031748e-06 	 461
2.0419975044205785e-06 	 461
4.169996827840805e-07 	 461
5.420006345957518e-07 	 428
4.169996827840805e-07 	 428
1.291002263315022e-06 	 428
4.159956006333232e-07 	 428
1.0840012691915035e-06 	 428
1.5830009942874312e-06 	 428
6.249902071431279e-07 	 534
9.999930625781417e-07 	 534
1.7499987734481692e-06 	 534
2.374988980591297e-06 	 534
7.90998456068337e-07 	 534
1.500011421740055e-06 	 332
1.4999968698248267e-06 	 332
3.3401011023670435e-07 	 332
5.00003807246685e-07 	 332
7.919879863038659e-07 	 332
1.8749997252598405e-06 	 586
1.791006070561707e-06 	 586
1.7909915186464787e-06 	 586
5.420006345957518e-07 	 586
3.33995558321476e-07 	 586
2.4170003598555923e-06 	 586
8.750066626816988e-07 	 586
1.791995600797236e-06 	 375
7.080088835209608e-07 	 375
1.624997821636498e-06 	 375
2.2500025806948543e-06 	 631
2.4999899324029684e-06 	 631
4.5799242798238993e-07 	 631
4.590110620483756e-07 	 631
1.9579892978072166e-06 	 631
2.291999408043921e-06 	 631
3.3300602808594704e-07 	 631
2.6659981813281775e-06 	 631
1.8330028979107738e-06 	 768
1.667009200900793e-06 	 768
3.1249946914613247e-06 	 768
1.9169965526089072e-06 	 768
1.7920101527124643e-06 	 768
3.249995643272996e-06 	 768
3.0420051189139485e-06 	 768
1.7909915186464787e-06 	 820
3.6249984987080097e-06 	 820
1.2500095181167126e-07 	 820
3.6249984987080097e-06 	 820
1.7089914763346314e-06 	 820
3.749883035197854e-07 	 820
3.1249946914613247e-06 	 820
2.7919886633753777e-06 	 820
2.8750073397532105e-06 	 820
4.582994733937085e-06 	 993
1.0419898899272084e-06 	 993
2.792003215290606e-06 	 993
7.499911589547992e-07 	 993
2.4998735170811415e-07 	 993
7.919879863038659e-07 	 993
2.5000044843181968e-06 	 993
2.9170041671022773e-06 	 993
4.250003257766366e-06 	 993
2.540997229516506e-06 	 993
2.9579969123005867e-06 	 653
2.291009877808392e-06 	 653
1.0420044418424368e-06 	 653
2.6659981813281775e-06 	 653
2.625005436129868e-06 	 653
1.66997779160738e-07 	 320
1.1660013115033507e-06 	 320
1.124994014389813e-06 	 320
1.6600824892520905e-07 	 320
1.6599369700998068e-07 	 756
1.5830009942874312e-06 	 756
1.7920101527124643e-06 	 756
3.7500285543501377e-07 	 756
6.659975042566657e-07 	 756
5.829933797940612e-07 	 756
1.3750104699283838e-06 	 892
2.4579931050539017e-06 	 892
4.084009560756385e-06 	 892
5.419860826805234e-07 	 892
3.749999450519681e-06 	 892
1.4169927453622222e-06 	 880
7.500057108700275e-07 	 880
4.159956006333232e-07 	 880
3.832989023067057e-06 	 880
3.6669953260570765e-06 	 880
2.8340000426396728e-06 	 880
2.45800765696913e-06 	 880
3.5410048440098763e-06 	 780
3.4580007195472717e-06 	 780
2.1659943740814924e-06 	 780
6.249902071431279e-07 	 780
1.66997779160738e-07 	 780
2.4160108296200633e-06 	 780
3.082997864112258e-06 	 780
8.330098353326321e-07 	 916
1.667009200900793e-06 	 916
1.4999968698248267e-06 	 916
4.125002305954695e-06 	 916
3.6249984987080097e-06 	 916
3.1660019885748625e-06 	 916
3.6249984987080097e-06 	 916
3.416993422433734e-06 	 916
3.2910029403865337e-06 	 916
3.7500285543501377e-07 	 331
1.45800004247576e-06 	 331
5.829933797940612e-07 	 331
7.90998456068337e-07 	 331
2.4170003598555923e-06 	 818
3.6669953260570765e-06 	 818
3.0840019462630153e-06 	 818
1.9170111045241356e-06 	 818
1.7499987734481692e-06 	 818
1.124994014389813e-06 	 818
3.583991201594472e-06 	 818
1.5840050764381886e-06 	 818
8.750066626816988e-07 	 931
2.1669984562322497e-06 	 931
1.0829971870407462e-06 	 931
9.999930625781417e-07 	 931
2.625005436129868e-06 	 931
2.792003215290606e-06 	 931
2.7919886633753777e-06 	 931
2.0839943317696452e-06 	 931
4.292000085115433e-06 	 931
1.958003849722445e-06 	 989
3.1249946914613247e-06 	 989
8.750066626816988e-07 	 989
1.66997779160738e-07 	 989
1.7499987734481692e-06 	 989
2.874992787837982e-06 	 989
3.3340038498863578e-06 	 989
2.3750035325065255e-06 	 989
1.2079981388524175e-06 	 989
2.707995008677244e-06 	 989
6.250047590583563e-07 	 547
2.2080057533457875e-06 	 547
1.8749997252598405e-06 	 547
2.4170003598555923e-06 	 547
1.4999968698248267e-06 	 547
5.829933797940612e-07 	 572
1.1669908417388797e-06 	 572
5.830079317092896e-07 	 572
3.3299147617071867e-07 	 572
6.250047590583563e-07 	 572
3.3299147617071867e-07 	 582
6.250047590583563e-07 	 582
1.2920063454657793e-06 	 582
2.5000044843181968e-06 	 582
2.0839943317696452e-06 	 582
7.499911589547992e-07 	 309
6.249902071431279e-07 	 309
5.00003807246685e-07 	 309
2.079905243590474e-07 	 309
1.7499987734481692e-06 	 733
3.6249984987080097e-06 	 733
3.0840019462630153e-06 	 733
5.00003807246685e-07 	 733
1.7080019460991025e-06 	 733
7.500057108700275e-07 	 733
5.420006345957518e-07 	 733
3.16700607072562e-06 	 733
2.458997187204659e-06 	 690
2.7500063879415393e-06 	 690
5.420006345957518e-07 	 690
2.125001628883183e-06 	 690
3.0410010367631912e-06 	 690
2.5839981390163302e-06 	 690
2.2500025806948543e-06 	 690
1.9169965526089072e-06 	 690
2.625005436129868e-06 	 690
1.7089914763346314e-06 	 554
1.2500095181167126e-07 	 554
2.125001628883183e-06 	 554
2.3750035325065255e-06 	 554
1.5840050764381886e-06 	 554
1.667009200900793e-06 	 554
2.374988980591297e-06 	 554
2.874992787837982e-06 	 809
1.9169965526089072e-06 	 809
2.91600008495152e-06 	 809
3.4159893402829766e-06 	 809
2.540997229516506e-06 	 809
6.250047590583563e-07 	 809
9.170034900307655e-07 	 439
2.0000006770715117e-06 	 439
1.0410003596916795e-06 	 439
2.079905243590474e-07 	 439
2.079905243590474e-07 	 512
9.159994078800082e-07 	 512
2.042012056335807e-06 	 512
1.124994014389813e-06 	 512
1.2079981388524175e-06 	 512
2.3339962353929877e-06 	 549
2.4170003598555923e-06 	 549
2.2080057533457875e-06 	 549
2.082990249618888e-06 	 549
1.5419936971738935e-06 	 549
1.291991793550551e-06 	 549
2.45800765696913e-06 	 549
1.8749997252598405e-06 	 549
1.0420044418424368e-06 	 685
1.2500095181167126e-07 	 685
2.91600008495152e-06 	 685
2.2500025806948543e-06 	 685
1.5830009942874312e-06 	 685
1.0829971870407462e-06 	 685
3.7500285543501377e-07 	 385
1.1250085663050413e-06 	 385
1.7080019460991025e-06 	 385
3.7500285543501377e-07 	 385
1.0410003596916795e-06 	 385
1.9579892978072166e-06 	 819
1.8749997252598405e-06 	 819
3.1660019885748625e-06 	 819
3.3329997677356005e-06 	 819
3.3329997677356005e-06 	 819
3.0410010367631912e-06 	 819
2.8750073397532105e-06 	 819
3.3299147617071867e-07 	 819
2.5000044843181968e-06 	 819
3.3329997677356005e-06 	 858
2.6669877115637064e-06 	 858
1.2080126907676458e-06 	 858
2.70901364274323e-06 	 858
2.125001628883183e-06 	 858
1.9160070223733783e-06 	 858
3.3300602808594704e-07 	 858
2.0830048015341163e-06 	 858
2.8329959604889154e-06 	 858
2.500019036233425e-07 	 858
1.5840050764381886e-06 	 970
3.916997229680419e-06 	 970
1.45800004247576e-06 	 970
2.9199873097240925e-07 	 970
1.8749997252598405e-06 	 970
4.292000085115433e-06 	 970
1.0420044418424368e-06 	 970
1.5830009942874312e-06 	 970
2.707995008677244e-06 	 970
4.580069798976183e-07 	 970
3.292007022537291e-06 	 870
2.040993422269821e-06 	 870
1.3749959180131555e-06 	 870
7.089984137564898e-07 	 870
2.3750035325065255e-06 	 870
2.540997229516506e-06 	 870
2.0419975044205785e-06 	 870
3.374996595084667e-06 	 870
2.090091584250331e-07 	 870
1.8749997252598405e-06 	 870
1.7080019460991025e-06 	 876
3.7500140024349093e-06 	 876
2.5420013116672635e-06 	 876
3.2079988159239292e-06 	 876
5.830079317092896e-07 	 876
2.833010512404144e-06 	 876
1.0829971870407462e-06 	 876
2.5839981390163302e-06 	 876
2.9099464882165194e-07 	 929
2.291999408043921e-06 	 929
3.7500285543501377e-07 	 929
3.583001671358943e-06 	 929
1.7499987734481692e-06 	 929
2.4579931050539017e-06 	 929
1.4160032151266932e-06 	 929
2.040993422269821e-06 	 929
2.458997187204659e-06 	 929
3.583991201594472e-06 	 929
1.2079981388524175e-06 	 877
2.792003215290606e-06 	 877
4.084009560756385e-06 	 877
3.04199056699872e-06 	 877
1.2500095181167126e-07 	 877
3.665991243906319e-06 	 877
2.500019036233425e-07 	 877
7.079943316057324e-07 	 877
5.00003807246685e-07 	 877
2.125001628883183e-06 	 823
3.749999450519681e-06 	 823
2.500019036233425e-07 	 823
9.590003173798323e-07 	 823
2.0830048015341163e-06 	 823
2.125001628883183e-06 	 823
3.16700607072562e-06 	 823
2.5000044843181968e-06 	 550
6.67001586407423e-07 	 550
2.2500025806948543e-06 	 550
9.169889381155372e-07 	 550
1.4170072972774506e-06 	 550
3.3300602808594704e-07 	 550
1.8749997252598405e-06 	 550
1.00000761449337e-06 	 587
2.291999408043921e-06 	 587
1.0420044418424368e-06 	 587
1.8339924281463027e-06 	 587
1.5419936971738935e-06 	 587
3.6669953260570765e-06 	 948
3.6669953260570765e-06 	 948
9.590003173798323e-07 	 948
2.3339962353929877e-06 	 948
3.749999450519681e-06 	 948
5.00003807246685e-07 	 948
1.1250085663050413e-06 	 948
2.625005436129868e-06 	 948
3.374996595084667e-06 	 948
2.500019036233425e-07 	 948
6.67001586407423e-07 	 793
2.792003215290606e-06 	 793
1.2499949662014842e-06 	 793
2.3339962353929877e-06 	 793
6.250047590583563e-07 	 793
2.3339962353929877e-06 	 793
4.580069798976183e-07 	 793
2.500019036233425e-07 	 329
1.5419936971738935e-06 	 329
6.659975042566657e-07 	 329
1.3329990906640887e-06 	 329
8.750066626816988e-07 	 329
7.090129656717181e-07 	 697
1.0420044418424368e-06 	 697
2.9999937396496534e-06 	 697
3.3329997677356005e-06 	 697
3.000008291564882e-06 	 697
1.8330028979107738e-06 	 697
6.67001586407423e-07 	 697
3.3750111469998956e-06 	 697
4.62500611320138e-06 	 998
2.6249908842146397e-06 	 998
9.57996235229075e-07 	 998
1.8330028979107738e-06 	 998
8.329952834174037e-07 	 998
3.33995558321476e-07 	 998
4.250003257766366e-06 	 998
2.2500025806948543e-06 	 998
1.8339924281463027e-06 	 998
4.707995685748756e-06 	 998
2.9199873097240925e-07 	 369
1.4999968698248267e-06 	 369
1.624997821636498e-06 	 369
6.67001586407423e-07 	 393
4.169996827840805e-07 	 393
9.170034900307655e-07 	 393
1.2500095181167126e-06 	 393
1.4590041246265173e-06 	 421
1.2500095181167126e-07 	 421
3.3300602808594704e-07 	 421
1.791006070561707e-06 	 421
8.329952834174037e-07 	 421
4.580069798976183e-07 	 421
2.500019036233425e-07 	 442
1.5410041669383645e-06 	 442
5.420006345957518e-07 	 442
9.170034900307655e-07 	 733
1.9170111045241356e-06 	 733
1.3749959180131555e-06 	 733
1.7499987734481692e-06 	 733
3.3300602808594704e-07 	 733
1.2920063454657793e-06 	 733
2.374988980591297e-06 	 733
3.33995558321476e-07 	 683
2.291999408043921e-06 	 683
2.2080057533457875e-06 	 683
3.2079988159239292e-06 	 683
1.8329883459955454e-06 	 683
2.2500025806948543e-06 	 683
1.7499987734481692e-06 	 714
1.667009200900793e-06 	 714
9.57996235229075e-07 	 714
5.00003807246685e-07 	 714
2.0410079741850495e-06 	 714
1.2089876690879464e-06 	 714
3.915993147529662e-06 	 874
3.8330035749822855e-06 	 874
3.832989023067057e-06 	 874
2.5410117814317346e-06 	 874
3.749999450519681e-06 	 874
3.832989023067057e-06 	 874
2.910092007368803e-07 	 874
2.959000994451344e-06 	 874
1.9590079318732023e-06 	 629
1.624997821636498e-06 	 629
2.9199873097240925e-07 	 629
2.792003215290606e-06 	 629
2.70901364274323e-06 	 629
2.207991201430559e-06 	 661
1.45800004247576e-06 	 661
5.409965524449944e-07 	 661
9.999930625781417e-07 	 661
7.500057108700275e-07 	 661
4.169996827840805e-07 	 661
4.5799242798238993e-07 	 661
1.5409896150231361e-06 	 683
2.792003215290606e-06 	 683
3.7500285543501377e-07 	 683
2.6669877115637064e-06 	 683
1.45800004247576e-06 	 683
1.4169927453622222e-06 	 683
2.5420013116672635e-06 	 683
6.249902071431279e-07 	 433
3.3300602808594704e-07 	 433
3.7500285543501377e-07 	 433
7.079943316057324e-07 	 433
1.9160070223733783e-06 	 845
4.169996827840805e-07 	 845
1.0420044418424368e-06 	 845
2.9999937396496534e-06 	 845
1.3749959180131555e-06 	 845
2.3750035325065255e-06 	 845
3.2919924706220627e-06 	 845
3.583001671358943e-06 	 845
7.080088835209608e-07 	 845
1.7080019460991025e-06 	 398
5.00003807246685e-07 	 398
1.0410003596916795e-06 	 398
1.624997821636498e-06 	 858
3.749999450519681e-06 	 858
2.792003215290606e-06 	 858
8.33999365568161e-07 	 858
5.829933797940612e-07 	 858
3.749999450519681e-06 	 858
2.5839981390163302e-06 	 858
1.6669946489855647e-06 	 858
6.659975042566657e-07 	 623
2.500019036233425e-07 	 623
1.4590041246265173e-06 	 623
1.500011421740055e-06 	 623
2.6659981813281775e-06 	 623
2.7089990908280015e-06 	 623
3.3300602808594704e-07 	 557
1.958003849722445e-06 	 557
1.7499987734481692e-06 	 557
1.5840050764381886e-06 	 557
8.329952834174037e-07 	 557
4.580069798976183e-07 	 557
1.66997779160738e-07 	 557
1.2909877113997936e-06 	 557
4.999892553314567e-07 	 602
2.6659981813281775e-06 	 602
2.9199873097240925e-07 	 602
1.5420082490891218e-06 	 602
1.9170111045241356e-06 	 602
2.2500025806948543e-06 	 602
3.6249984987080097e-06 	 983
1.1250085663050413e-06 	 983
3.04199056699872e-06 	 983
2.3339962353929877e-06 	 983
1.2499949662014842e-06 	 983
2.458997187204659e-06 	 983
3.7080026231706142e-06 	 983
4.0000013541430235e-06 	 983
1.7499987734481692e-06 	 983
1.7500133253633976e-06 	 983
6.249902071431279e-07 	 374
1.2500095181167126e-07 	 374
1.6669946489855647e-06 	 374
1.5830009942874312e-06 	 374
7.500057108700275e-07 	 374
8.329952834174037e-07 	 597
8.300412446260452e-08 	 597
1.6599369700998068e-07 	 597
2.0419975044205785e-06 	 597
1.2500095181167126e-07 	 597
6.67001586407423e-07 	 597
1.9999861251562834e-06 	 597
1.4999968698248267e-06 	 691
1.5839905245229602e-06 	 691
2.6670022634789348e-06 	 691
1.0840012691915035e-06 	 691
2.6670022634789348e-06 	 691
1.334003172814846e-06 	 691
2.792003215290606e-06 	 691
1.5829864423722029e-06 	 944
1.2500095181167126e-07 	 944
2.792003215290606e-06 	 944
1.791995600797236e-06 	 944
4.291010554879904e-06 	 944
3.4159893402829766e-06 	 944
4.0000013541430235e-06 	 944
1.3329990906640887e-06 	 944
9.57996235229075e-07 	 944
2.920132828876376e-07 	 969
2.6659981813281775e-06 	 969
7.90998456068337e-07 	 969
3.749999450519681e-06 	 969
7.499911589547992e-07 	 969
1.5409896150231361e-06 	 969
1.8330028979107738e-06 	 969
6.250047590583563e-07 	 969
1.0829971870407462e-06 	 969
3.583001671358943e-06 	 969
1.8749997252598405e-06 	 785
3.4999975468963385e-06 	 785
1.7080019460991025e-06 	 785
1.958003849722445e-06 	 785
1.958003849722445e-06 	 785
2.3750035325065255e-06 	 785
7.499911589547992e-07 	 785
3.3299147617071867e-07 	 785
2.582994056865573e-06 	 785
8.749921107664704e-07 	 783
2.2080057533457875e-06 	 783
2.7089990908280015e-06 	 783
8.300412446260452e-08 	 783
8.749921107664704e-07 	 783
3.082997864112258e-06 	 783
8.749921107664704e-07 	 783
3.749883035197854e-07 	 783
4.5799242798238993e-07 	 868
3.082997864112258e-06 	 868
2.4170003598555923e-06 	 868
2.959000994451344e-06 	 868
1.7499987734481692e-06 	 868
3.6660057958215475e-06 	 868
1.1250085663050413e-06 	 868
1.5410041669383645e-06 	 868
9.170034900307655e-07 	 868
7.920025382190943e-07 	 868
7.079943316057324e-07 	 998
3.33995558321476e-07 	 998
2.1669984562322497e-06 	 998
1.667009200900793e-06 	 998
7.500057108700275e-07 	 998
8.749921107664704e-07 	 998
4.292000085115433e-06 	 998
4.5899651013314724e-07 	 998
1.2500095181167126e-06 	 998
1.958003849722445e-06 	 998
1.0410003596916795e-06 	 469
1.500011421740055e-06 	 469
2.0840088836848736e-06 	 469
9.999930625781417e-07 	 469
1.124994014389813e-06 	 358
1.2920063454657793e-06 	 358
8.330098353326321e-07 	 358
2.3750035325065255e-06 	 651
9.580107871443033e-07 	 651
2.920132828876376e-07 	 651
9.590003173798323e-07 	 651
1.291991793550551e-06 	 651
1.3329990906640887e-06 	 651
2.9199873097240925e-07 	 651
4.169996827840805e-07 	 754
6.250047590583563e-07 	 754
1.0410003596916795e-06 	 754
6.659975042566657e-07 	 754
2.910092007368803e-07 	 754
3.0420051189139485e-06 	 754
1.0420044418424368e-06 	 754
2.209009835496545e-06 	 754
1.624997821636498e-06 	 507
1.124994014389813e-06 	 507
1.00000761449337e-06 	 507
8.330098353326321e-07 	 507
1.45800004247576e-06 	 507
1.91599247045815e-06 	 507
2.0419975044205785e-06 	 556
7.499911589547992e-07 	 556
1.4169927453622222e-06 	 556
1.124994014389813e-06 	 556
1.0829971870407462e-06 	 556
1.791006070561707e-06 	 556
1.5830009942874312e-06 	 837
3.125009243376553e-06 	 837
2.8750073397532105e-06 	 837
2.5420013116672635e-06 	 837
4.169996827840805e-07 	 837
2.7909991331398487e-06 	 837
1.2499949662014842e-06 	 837
3.082997864112258e-06 	 837
3.7500285543501377e-07 	 837
2.5839981390163302e-06 	 837
4.580069798976183e-07 	 353
2.090091584250331e-07 	 353
5.00003807246685e-07 	 353
2.0000006770715117e-06 	 845
3.3300602808594704e-07 	 845
6.250047590583563e-07 	 845
3.1249946914613247e-06 	 845
2.707995008677244e-06 	 845
4.159956006333232e-07 	 845
1.3329990906640887e-06 	 845
1.2920063454657793e-06 	 845
2.6249908842146397e-06 	 845
1.6660051187500358e-06 	 400
1.0840012691915035e-06 	 400
1.2500095181167126e-06 	 421
9.580107871443033e-07 	 421
1.6599369700998068e-07 	 421
1.124994014389813e-06 	 421
2.9199873097240925e-07 	 421
1.4169927453622222e-06 	 472
1.91599247045815e-06 	 472
2.040993422269821e-06 	 472
1.834006980061531e-06 	 472
1.4169927453622222e-06 	 472
8.399365469813347e-08 	 472
1.3329990906640887e-06 	 472
1.7089914763346314e-06 	 472
7.500057108700275e-07 	 472
5.839974619448185e-07 	 472
5.840120138600469e-07 	 472
1.3750104699283838e-06 	 472
2.500019036233425e-07 	 555
2.3750035325065255e-06 	 555
1.0829971870407462e-06 	 555
1.66997779160738e-07 	 555
1.624997821636498e-06 	 404
2.9199873097240925e-07 	 404
3.3299147617071867e-07 	 404
1.124994014389813e-06 	 684
1.1669908417388797e-06 	 684
8.750066626816988e-07 	 684
2.8750073397532105e-06 	 684
1.6600824892520905e-07 	 468
1.7499987734481692e-06 	 468
7.499911589547992e-07 	 468
2.9199873097240925e-07 	 468
1.124994014389813e-06 	 394
1.45800004247576e-06 	 394
1.00000761449337e-06 	 394
1.3749959180131555e-06 	 394
2.91600008495152e-06 	 803
8.300412446260452e-08 	 803
1.791006070561707e-06 	 803
1.3749959180131555e-06 	 803
2.3750035325065255e-06 	 803
2.090091584250331e-07 	 803
3.3329997677356005e-06 	 803
7.500057108700275e-07 	 803
3.3299147617071867e-07 	 374
8.300412446260452e-08 	 374
5.420006345957518e-07 	 374
5.409965524449944e-07 	 374
1.3329990906640887e-06 	 374
1.66997779160738e-07 	 374
9.170034900307655e-07 	 996
6.67001586407423e-07 	 996
3.916997229680419e-06 	 996
4.375004209578037e-06 	 996
4.0829909266904e-06 	 996
2.6659981813281775e-06 	 996
1.45800004247576e-06 	 996
4.083005478605628e-06 	 996
4.375004209578037e-06 	 996
2.1669984562322497e-06 	 996
7.500057108700275e-07 	 420
8.749921107664704e-07 	 420
9.999930625781417e-07 	 420
1.291002263315022e-06 	 420
3.7500285543501377e-07 	 686
2.8750073397532105e-06 	 686
2.7500063879415393e-06 	 686
2.2500025806948543e-06 	 686
8.399365469813347e-08 	 686
1.7089914763346314e-06 	 686
2.7080095605924726e-06 	 686
2.4999899324029684e-06 	 686
2.9170041671022773e-06 	 686
1.124994014389813e-06 	 870
3.374996595084667e-06 	 870
1.0410003596916795e-06 	 870
7.500057108700275e-07 	 870
1.9160070223733783e-06 	 870
5.829933797940612e-07 	 870
3.916997229680419e-06 	 870
8.300412446260452e-08 	 870
2.5420013116672635e-06 	 870
8.750066626816988e-07 	 683
2.500019036233425e-07 	 683
8.300412446260452e-08 	 683
1.6660051187500358e-06 	 683
9.170034900307655e-07 	 683
2.0419975044205785e-06 	 683
1.9169965526089072e-06 	 683
3.0420051189139485e-06 	 727
2.3329921532422304e-06 	 727
2.707995008677244e-06 	 727
1.7080019460991025e-06 	 727
3.7500285543501377e-07 	 727
2.0000006770715117e-06 	 727
1.0420044418424368e-06 	 727
4.159956006333232e-07 	 975
3.3329997677356005e-06 	 975
1.2090022210031748e-06 	 975
3.6660057958215475e-06 	 975
3.875000402331352e-06 	 975
3.6660057958215475e-06 	 975
1.3329990906640887e-06 	 975
2.2500025806948543e-06 	 975
2.2500025806948543e-06 	 975
1.958003849722445e-06 	 906
4.0000013541430235e-06 	 906
1.3329990906640887e-06 	 906
4.040994099341333e-06 	 906
3.7919962778687477e-06 	 906
1.5409896150231361e-06 	 906
6.250047590583563e-07 	 906
7.499911589547992e-07 	 906
9.999930625781417e-07 	 906
5.420006345957518e-07 	 906
1.9169965526089072e-06 	 953
1.7080019460991025e-06 	 953
3.2079988159239292e-06 	 953
6.250047590583563e-07 	 953
5.839974619448185e-07 	 953
2.500019036233425e-07 	 953
3.459004801698029e-06 	 953
7.079943316057324e-07 	 953
2.374988980591297e-06 	 953
5.409965524449944e-07 	 953
3.3340038498863578e-06 	 803
9.590003173798323e-07 	 803
1.7499987734481692e-06 	 803
2.0419975044205785e-06 	 803
1.3749959180131555e-06 	 803
1.4160032151266932e-06 	 803
3.0830124160274863e-06 	 803
1.66997779160738e-07 	 803
7.90998456068337e-07 	 803
2.4579931050539017e-06 	 723
1.3750104699283838e-06 	 723
1.7499987734481692e-06 	 723
2.7909991331398487e-06 	 723
1.6600824892520905e-07 	 723
2.9579969123005867e-06 	 723
3.7500285543501377e-07 	 871
2.0000006770715117e-06 	 871
7.089984137564898e-07 	 871
3.749999450519681e-06 	 871
3.7500285543501377e-07 	 871
7.079943316057324e-07 	 871
2.7080095605924726e-06 	 871
2.6670022634789348e-06 	 871
3.7500285543501377e-07 	 871
9.57996235229075e-07 	 573
1.66997779160738e-07 	 573
2.125001628883183e-06 	 573
1.7080019460991025e-06 	 573
9.999930625781417e-07 	 573
7.90998456068337e-07 	 573
2.0000006770715117e-06 	 573
7.499911589547992e-07 	 573
1.500011421740055e-06 	 573
6.67001586407423e-07 	 615
1.791995600797236e-06 	 615
1.0840012691915035e-06 	 615
2.749991836026311e-06 	 615
2.0000006770715117e-06 	 615
2.090091584250331e-07 	 460
6.249902071431279e-07 	 460
1.45800004247576e-06 	 460
1.0830117389559746e-06 	 460
2.4998735170811415e-07 	 460
1.291002263315022e-06 	 855
1.6669946489855647e-06 	 855
1.3750104699283838e-06 	 855
2.6659981813281775e-06 	 855
1.124994014389813e-06 	 855
1.7500133253633976e-06 	 855
2.9199873097240925e-07 	 855
3.500012098811567e-06 	 855
2.5000044843181968e-06 	 744
1.7499987734481692e-06 	 744
3.2079988159239292e-06 	 744
6.249902071431279e-07 	 744
1.8749997252598405e-06 	 744
1.5830009942874312e-06 	 744
2.5420013116672635e-06 	 744
1.5830009942874312e-06 	 744
2.500019036233425e-07 	 764
1.4999968698248267e-06 	 764
2.9999937396496534e-06 	 764
1.4999968698248267e-06 	 764
7.089984137564898e-07 	 764
2.2500025806948543e-06 	 764
2.6659981813281775e-06 	 764
2.792003215290606e-06 	 764
2.6670022634789348e-06 	 987
2.291999408043921e-06 	 987
5.839974619448185e-07 	 987
3.082997864112258e-06 	 987
3.459004801698029e-06 	 987
3.3750111469998956e-06 	 987
3.916997229680419e-06 	 987
2.291999408043921e-06 	 987
3.7080026231706142e-06 	 987
1.9160070223733783e-06 	 531
6.249902071431279e-07 	 531
7.089984137564898e-07 	 531
2.500019036233425e-07 	 531
1.7499987734481692e-06 	 531
2.0000006770715117e-06 	 531
9.590003173798323e-07 	 531
8.749921107664704e-07 	 531
1.2500095181167126e-07 	 531
4.999892553314567e-07 	 384
5.829933797940612e-07 	 384
7.089984137564898e-07 	 384
4.5899651013314724e-07 	 384
1.624997821636498e-06 	 384
2.625005436129868e-06 	 874
3.7500285543501377e-07 	 874
4.169996827840805e-07 	 874
3.7080026231706142e-06 	 874
1.4590041246265173e-06 	 874
1.4999968698248267e-06 	 874
3.583001671358943e-06 	 874
3.082997864112258e-06 	 874
2.3330067051574588e-06 	 874
1.2080126907676458e-06 	 878
2.0000006770715117e-06 	 878
3.1249946914613247e-06 	 878
2.582994056865573e-06 	 878
2.2909953258931637e-06 	 878
3.7500285543501377e-07 	 878
1.4590041246265173e-06 	 352
6.250047590583563e-07 	 352
2.3750035325065255e-06 	 535
4.169996827840805e-07 	 535
1.2500095181167126e-07 	 535
9.58985765464604e-07 	 535
8.329952834174037e-07 	 535
1.334003172814846e-06 	 535
3.374996595084667e-06 	 802
2.2909953258931637e-06 	 802
4.5799242798238993e-07 	 802
3.0410010367631912e-06 	 802
1.7499987734481692e-06 	 802
1.5839905245229602e-06 	 802
3.374996595084667e-06 	 802
1.7080019460991025e-06 	 802
2.500019036233425e-07 	 448
1.9160070223733783e-06 	 448
5.839974619448185e-07 	 448
5.830079317092896e-07 	 448
6.67001586407423e-07 	 448
1.2079981388524175e-06 	 448
3.7500285543501377e-07 	 448
4.374989657662809e-06 	 804
3.4999975468963385e-06 	 804
2.6669877115637064e-06 	 804
1.3750104699283838e-06 	 804
3.000008291564882e-06 	 804
2.0419975044205785e-06 	 804
1.0410003596916795e-06 	 804
2.500019036233425e-07 	 398
1.3749959180131555e-06 	 398
1.8339924281463027e-06 	 398
1.7909915186464787e-06 	 398
2.500019036233425e-07 	 398
2.500019036233425e-07 	 398
2.500019036233425e-07 	 564
1.3329990906640887e-06 	 564
2.458997187204659e-06 	 564
4.169996827840805e-07 	 564
4.5799242798238993e-07 	 564
3.1669915188103914e-06 	 808
1.3749959180131555e-06 	 808
1.3750104699283838e-06 	 808
2.500019036233425e-07 	 808
1.958003849722445e-06 	 808
1.8749997252598405e-06 	 808
2.334010787308216e-06 	 808
3.2910029403865337e-06 	 808
1.4169927453622222e-06 	 808
2.3339962353929877e-06 	 541
1.7499987734481692e-06 	 541
2.9199873097240925e-07 	 541
1.8749997252598405e-06 	 541
1.7080019460991025e-06 	 541
1.7080019460991025e-06 	 541
1.458989572711289e-06 	 541
5.420006345957518e-07 	 484
1.5830009942874312e-06 	 484
1.3329990906640887e-06 	 484
1.0419898899272084e-06 	 484
1.7920101527124643e-06 	 484
2.4999899324029684e-06 	 549
1.5409896150231361e-06 	 549
9.999930625781417e-07 	 549
3.3299147617071867e-07 	 549
9.57996235229075e-07 	 549
1.2500095181167126e-07 	 549
9.999930625781417e-07 	 549
8.300412446260452e-08 	 991
3.958004526793957e-06 	 991
2.749991836026311e-06 	 991
7.500057108700275e-07 	 991
1.6600824892520905e-07 	 991
3.0410010367631912e-06 	 991
1.791006070561707e-06 	 991
1.834006980061531e-06 	 991
1.1660013115033507e-06 	 991
2.0800507627427578e-07 	 991
8.399365469813347e-08 	 682
1.2500095181167126e-06 	 682
2.0000006770715117e-06 	 682
2.2089952835813165e-06 	 682
2.0899460650980473e-07 	 682
8.33999365568161e-07 	 682
1.958003849722445e-06 	 682
1.7080019460991025e-06 	 417
6.250047590583563e-07 	 417
3.2090028980746865e-06 	 731
1.3329990906640887e-06 	 731
1.791995600797236e-06 	 731
1.9579892978072166e-06 	 731
3.16700607072562e-06 	 731
3.3401011023670435e-07 	 731
1.4999968698248267e-06 	 731
7.920025382190943e-07 	 782
3.292007022537291e-06 	 782
2.3339962353929877e-06 	 782
1.3329990906640887e-06 	 782
3.0840019462630153e-06 	 782
1.2079981388524175e-06 	 782
3.4170079743489623e-06 	 782
1.2090022210031748e-06 	 782
2.833010512404144e-06 	 627
1.0829971870407462e-06 	 627
6.250047590583563e-07 	 627
8.329952834174037e-07 	 627
8.33999365568161e-07 	 627
3.7080026231706142e-06 	 851
7.920025382190943e-07 	 851
1.2920063454657793e-06 	 851
1.5830009942874312e-06 	 851
3.707988071255386e-06 	 851
2.1669984562322497e-06 	 851
8.749921107664704e-07 	 851
1.45800004247576e-06 	 851
1.3329990906640887e-06 	 851
3.4999975468963385e-06 	 910
5.409965524449944e-07 	 910
2.0419975044205785e-06 	 910
3.7500285543501377e-07 	 910
6.250047590583563e-07 	 910
3.792010829783976e-06 	 910
3.459004801698029e-06 	 910
7.500057108700275e-07 	 910
3.583991201594472e-06 	 910
2.207991201430559e-06 	 655
9.590003173798323e-07 	 655
4.5899651013314724e-07 	 655
7.500057108700275e-07 	 655
2.500019036233425e-07 	 655
1.4169927453622222e-06 	 655
1.334003172814846e-06 	 655
1.1660013115033507e-06 	 655
1.3329990906640887e-06 	 461
1.7089914763346314e-06 	 461
1.2920063454657793e-06 	 461
1.0410003596916795e-06 	 461
1.7499987734481692e-06 	 461
5.829933797940612e-07 	 461
3.3300602808594704e-07 	 417
1.8749997252598405e-06 	 417
1.1250085663050413e-06 	 417
1.291991793550551e-06 	 417
3.8339931052178144e-06 	 932
1.4169927453622222e-06 	 932
2.374988980591297e-06 	 932
1.4999968698248267e-06 	 932
7.920025382190943e-07 	 932
1.2079981388524175e-06 	 932
2.249988028779626e-06 	 932
3.4580007195472717e-06 	 932
1.0410003596916795e-06 	 932
6.249902071431279e-07 	 435
2.0899460650980473e-07 	 435
9.999930625781417e-07 	 435
3.7500285543501377e-07 	 435
1.66997779160738e-07 	 612
1.0420044418424368e-06 	 612
9.170034900307655e-07 	 612
1.624997821636498e-06 	 612
2.415996277704835e-06 	 612
7.499911589547992e-07 	 612
1.9160070223733783e-06 	 612
2.5000044843181968e-06 	 612
1.1250085663050413e-06 	 612
2.4579931050539017e-06 	 911
3.7919962778687477e-06 	 911
2.5839981390163302e-06 	 911
2.2500025806948543e-06 	 911
3.834007657133043e-06 	 911
2.415996277704835e-06 	 911
2.874992787837982e-06 	 911
3.4580007195472717e-06 	 911
3.125009243376553e-06 	 911
1.7499987734481692e-06 	 423
1.624997821636498e-06 	 423
1.6599369700998068e-07 	 423
6.67001586407423e-07 	 423
2.0800507627427578e-07 	 423
4.5799242798238993e-07 	 423
1.124994014389813e-06 	 415
1.6669946489855647e-06 	 415
9.590003173798323e-07 	 415
1.8329883459955454e-06 	 415
1.7499987734481692e-06 	 415
2.5420013116672635e-06 	 894
7.500057108700275e-07 	 894
3.0420051189139485e-06 	 894
1.45800004247576e-06 	 894
2.3750035325065255e-06 	 894
7.079943316057324e-07 	 894
3.6249984987080097e-06 	 894
2.0800507627427578e-07 	 894
3.7909921957179904e-06 	 894
3.3300602808594704e-07 	 894
1.2500095181167126e-07 	 680
9.590003173798323e-07 	 680
4.999892553314567e-07 	 680
7.089984137564898e-07 	 680
2.8329959604889154e-06 	 680
2.6670022634789348e-06 	 680
4.159956006333232e-07 	 639
1.7499987734481692e-06 	 639
1.7499987734481692e-06 	 639
2.9199873097240925e-07 	 639
7.919879863038659e-07 	 639
2.4999899324029684e-06 	 639
9.159994078800082e-07 	 639
2.291999408043921e-06 	 639
2.920132828876376e-07 	 695
1.45800004247576e-06 	 695
3.0420051189139485e-06 	 695
1.1250085663050413e-06 	 695
1.8330028979107738e-06 	 695
1.4999968698248267e-06 	 695
1.0829971870407462e-06 	 680
1.0829971870407462e-06 	 680
9.999930625781417e-07 	 680
2.792003215290606e-06 	 680
4.5799242798238993e-07 	 680
2.334010787308216e-06 	 680
2.040993422269821e-06 	 680
6.67001586407423e-07 	 761
3.1249946914613247e-06 	 761
1.0840012691915035e-06 	 761
2.5000044843181968e-06 	 761
2.1669984562322497e-06 	 761
3.16700607072562e-06 	 761
2.792003215290606e-06 	 761
8.749921107664704e-07 	 761
1.0410003596916795e-06 	 568
6.67001586407423e-07 	 568
2.500019036233425e-07 	 568
5.420006345957518e-07 	 568
1.834006980061531e-06 	 611
7.500057108700275e-07 	 611
2.540997229516506e-06 	 611
2.291999408043921e-06 	 611
2.3750035325065255e-06 	 611
2.125001628883183e-06 	 607
1.291991793550551e-06 	 607
2.500019036233425e-07 	 607
2.415996277704835e-06 	 607
6.659975042566657e-07 	 607
2.0830048015341163e-06 	 667
1.4999968698248267e-06 	 667
2.910092007368803e-07 	 667
1.2499949662014842e-06 	 667
1.6669946489855647e-06 	 667
2.9579969123005867e-06 	 667
1.6659905668348074e-06 	 667
2.5830086087808013e-06 	 667
2.9999937396496534e-06 	 950
4.580069798976183e-07 	 950
3.958004526793957e-06 	 950
1.4169927453622222e-06 	 950
3.958004526793957e-06 	 950
2.0830048015341163e-06 	 950
3.4580007195472717e-06 	 950
2.7500063879415393e-06 	 809
1.8749997252598405e-06 	 809
1.124994014389813e-06 	 809
3.374996595084667e-06 	 809
1.7089914763346314e-06 	 809
6.250047590583563e-07 	 809
8.33999365568161e-07 	 809
2.4170003598555923e-06 	 809
1.7909915186464787e-06 	 809
7.080088835209608e-07 	 809
1.3329990906640887e-06 	 507
8.329952834174037e-07 	 507
1.8749997252598405e-06 	 507
2.2500025806948543e-06 	 507
1.45800004247576e-06 	 507
1.4999968698248267e-06 	 507
3.4999975468963385e-06 	 999
3.3299147617071867e-07 	 999
2.500019036233425e-07 	 999
1.291991793550551e-06 	 999
4.999892553314567e-07 	 999
2.91600008495152e-06 	 999
4.417001036927104e-06 	 999
1.4999968698248267e-06 	 999
1.7090060282498598e-06 	 999
4.125002305954695e-06 	 999
2.0000006770715117e-06 	 576
2.45800765696913e-06 	 576
6.659975042566657e-07 	 576
2.625005436129868e-06 	 576
1.1250085663050413e-06 	 576
1.6660051187500358e-06 	 576
7.499911589547992e-07 	 576
2.2089952835813165e-06 	 490
1.5840050764381886e-06 	 490
2.920132828876376e-07 	 490
9.57996235229075e-07 	 411
1.6660051187500358e-06 	 411
4.169996827840805e-07 	 411
7.500057108700275e-07 	 411
1.5830009942874312e-06 	 411
1.2499949662014842e-06 	 891
1.45800004247576e-06 	 891
2.5410117814317346e-06 	 891
1.0419898899272084e-06 	 891
3.0410010367631912e-06 	 891
2.1669984562322497e-06 	 891
3.7500285543501377e-07 	 891
2.0830048015341163e-06 	 891
1.1250085663050413e-06 	 891
1.8330028979107738e-06 	 891
1.8749997252598405e-06 	 427
1.0419898899272084e-06 	 427
1.7089914763346314e-06 	 427
1.0829971870407462e-06 	 427
1.0830117389559746e-06 	 819
2.9099464882165194e-07 	 819
1.5830009942874312e-06 	 819
1.9579892978072166e-06 	 819
3.082997864112258e-06 	 819
1.334003172814846e-06 	 819
2.082990249618888e-06 	 819
1.5410041669383645e-06 	 819
2.249988028779626e-06 	 602
5.00003807246685e-07 	 602
1.7080019460991025e-06 	 602
1.9579892978072166e-06 	 602
2.0000006770715117e-06 	 602
2.2500025806948543e-06 	 902
1.2500095181167126e-07 	 902
2.040993422269821e-06 	 902
6.249902071431279e-07 	 902
2.582994056865573e-06 	 902
1.9579892978072166e-06 	 902
3.2079988159239292e-06 	 902
2.079905243590474e-07 	 902
9.170034900307655e-07 	 902
3.2079988159239292e-06 	 724
8.749921107664704e-07 	 724
2.9579969123005867e-06 	 724
2.0419975044205785e-06 	 724
1.9169965526089072e-06 	 724
1.5409896150231361e-06 	 724
2.9099464882165194e-07 	 724
2.3750035325065255e-06 	 724
2.9999937396496534e-06 	 691
6.249902071431279e-07 	 691
1.3329990906640887e-06 	 691
3.3300602808594704e-07 	 691
1.3750104699283838e-06 	 691
4.5899651013314724e-07 	 691
2.540997229516506e-06 	 691
9.590003173798323e-07 	 691
1.3749959180131555e-06 	 691
8.329952834174037e-07 	 650
1.1250085663050413e-06 	 650
2.1669984562322497e-06 	 650
1.7909915186464787e-06 	 650
1.9169965526089072e-06 	 650
1.1669908417388797e-06 	 650
1.6669946489855647e-06 	 650
1.7499987734481692e-06 	 398
1.0840012691915035e-06 	 398
1.4170072972774506e-06 	 398
7.499911589547992e-07 	 398
1.5419936971738935e-06 	 398
7.499911589547992e-07 	 951
4.208995960652828e-06 	 951
2.125001628883183e-06 	 951
1.7080019460991025e-06 	 951
1.0420044418424368e-06 	 951
1.3329990906640887e-06 	 951
2.3330067051574588e-06 	 951
7.499911589547992e-07 	 951
2.0419975044205785e-06 	 951
1.7499987734481692e-06 	 581
2.0000006770715117e-06 	 581
1.45800004247576e-06 	 581
1.00000761449337e-06 	 581
6.249902071431279e-07 	 581
1.3749959180131555e-06 	 305
2.91600008495152e-06 	 877
2.5410117814317346e-06 	 877
7.920025382190943e-07 	 877
3.082997864112258e-06 	 877
2.2909953258931637e-06 	 877
2.291999408043921e-06 	 877
3.33995558321476e-07 	 877
1.0420044418424368e-06 	 877
2.0000006770715117e-06 	 877
1.7080019460991025e-06 	 877
1.3750104699283838e-06 	 620
1.7920101527124643e-06 	 620
2.500019036233425e-07 	 620
1.4590041246265173e-06 	 620
3.7919962778687477e-06 	 954
1.6660051187500358e-06 	 954
2.7909991331398487e-06 	 954
1.6669946489855647e-06 	 954
5.829933797940612e-07 	 954
7.499911589547992e-07 	 954
1.3749959180131555e-06 	 954
1.5409896150231361e-06 	 954
3.7500285543501377e-07 	 954
2.6249908842146397e-06 	 954
2.2500025806948543e-06 	 608
2.0800507627427578e-07 	 608
5.00003807246685e-07 	 608
3.7500285543501377e-07 	 608
2.625005436129868e-06 	 608
2.9170041671022773e-06 	 712
3.2090028980746865e-06 	 712
1.667009200900793e-06 	 712
1.7080019460991025e-06 	 712
2.5000044843181968e-06 	 712
2.0419975044205785e-06 	 712
1.0829971870407462e-06 	 712
1.2090022210031748e-06 	 516
5.829933797940612e-07 	 516
1.500011421740055e-06 	 516
5.00003807246685e-07 	 516
1.7080019460991025e-06 	 516
1.2920063454657793e-06 	 516
9.159994078800082e-07 	 792
3.1660019885748625e-06 	 792
3.0410010367631912e-06 	 792
2.4579931050539017e-06 	 792
2.291999408043921e-06 	 792
5.00003807246685e-07 	 792
3.2919924706220627e-06 	 792
1.1660013115033507e-06 	 363
4.169996827840805e-07 	 363
1.167005393654108e-06 	 471
8.33999365568161e-07 	 471
2.0830048015341163e-06 	 471
1.1250085663050413e-06 	 471
1.2500095181167126e-07 	 471
4.580069798976183e-07 	 471
1.334003172814846e-06 	 471
9.580107871443033e-07 	 725
3.0410010367631912e-06 	 725
2.0000006770715117e-06 	 725
2.3330067051574588e-06 	 725
7.080088835209608e-07 	 725
8.750066626816988e-07 	 725
2.125001628883183e-06 	 471
2.2500025806948543e-06 	 471
1.7920101527124643e-06 	 471
1.9169965526089072e-06 	 471
1.0829971870407462e-06 	 471
1.6701233107596636e-07 	 498
7.919879863038659e-07 	 498
2.500019036233425e-07 	 498
3.33995558321476e-07 	 432
8.750066626816988e-07 	 432
1.624997821636498e-06 	 432
3.7500285543501377e-07 	 684
1.0829971870407462e-06 	 684
7.079943316057324e-07 	 684
3.04199056699872e-06 	 684
7.500057108700275e-07 	 684
1.4169927453622222e-06 	 684
7.080088835209608e-07 	 714
1.2920063454657793e-06 	 714
1.2500095181167126e-07 	 353
9.57996235229075e-07 	 353
6.67001586407423e-07 	 353
2.0000006770715117e-06 	 496
2.079905243590474e-07 	 496
7.919879863038659e-07 	 496
2.9199873097240925e-07 	 364
8.750066626816988e-07 	 364
1.124994014389813e-06 	 364
1.4160032151266932e-06 	 364
2.9199873097240925e-07 	 364
1.3749959180131555e-06 	 364
1.9169965526089072e-06 	 505
2.249988028779626e-06 	 505
3.3299147617071867e-07 	 505
8.750066626816988e-07 	 505
3.7500285543501377e-07 	 505
6.249902071431279e-07 	 505
1.0829971870407462e-06 	 929
2.249988028779626e-06 	 929
3.249995643272996e-06 	 929
3.916997229680419e-06 	 929
1.624997821636498e-06 	 929
1.0829971870407462e-06 	 929
2.415996277704835e-06 	 929
1.8749997252598405e-06 	 929
2.0000006770715117e-06 	 685
3.04199056699872e-06 	 685
1.7499987734481692e-06 	 685
3.33995558321476e-07 	 685
1.958993379957974e-06 	 685
2.0419975044205785e-06 	 685
1.9169965526089072e-06 	 741
1.5840050764381886e-06 	 741
2.792003215290606e-06 	 741
9.170034900307655e-07 	 741
3.249995643272996e-06 	 741
9.999930625781417e-07 	 741
1.91599247045815e-06 	 741
1.5419936971738935e-06 	 969
3.834007657133043e-06 	 969
8.749921107664704e-07 	 969
4.375004209578037e-06 	 969
3.6669953260570765e-06 	 969
2.5420013116672635e-06 	 969
2.0000006770715117e-06 	 969
4.250003257766366e-06 	 969
3.2079988159239292e-06 	 969
3.3329997677356005e-06 	 969
1.3329990906640887e-06 	 348
9.999930625781417e-07 	 348
1.4169927453622222e-06 	 348
1.5410041669383645e-06 	 348
8.329952834174037e-07 	 348
8.33999365568161e-07 	 568
1.5839905245229602e-06 	 568
2.0419975044205785e-06 	 568
8.300412446260452e-08 	 568
7.90998456068337e-07 	 568
1.3750104699283838e-06 	 804
2.7500063879415393e-06 	 804
4.624991561286151e-06 	 804
5.409965524449944e-07 	 804
3.3401011023670435e-07 	 804
2.5839981390163302e-06 	 804
3.0420051189139485e-06 	 804
1.9579892978072166e-06 	 804
1.6660051187500358e-06 	 804
7.90998456068337e-07 	 804
3.4999975468963385e-06 	 914
3.6660057958215475e-06 	 914
6.249902071431279e-07 	 914
1.2499949662014842e-06 	 914
4.125002305954695e-06 	 914
1.3329990906640887e-06 	 914
2.4590117391198874e-06 	 914
2.082990249618888e-06 	 914
2.5420013116672635e-06 	 914
2.707995008677244e-06 	 872
1.2500095181167126e-07 	 872
3.4580007195472717e-06 	 872
3.875000402331352e-06 	 872
2.4170003598555923e-06 	 872
1.9170111045241356e-06 	 872
3.6249984987080097e-06 	 872
3.459004801698029e-06 	 872
8.750066626816988e-07 	 872
1.624997821636498e-06 	 875
8.749921107664704e-07 	 875
2.415996277704835e-06 	 875
1.4170072972774506e-06 	 875
2.0419975044205785e-06 	 875
3.2079988159239292e-06 	 875
8.329952834174037e-07 	 875
2.2080057533457875e-06 	 875
4.1669991333037615e-06 	 963
2.833010512404144e-06 	 963
6.669870344921947e-07 	 963
4.083005478605628e-06 	 963
1.624997821636498e-06 	 963
1.2920063454657793e-06 	 963
4.457993782125413e-06 	 963
2.3329921532422304e-06 	 963
2.0000006770715117e-06 	 963
2.2080057533457875e-06 	 963
2.792003215290606e-06 	 640
2.1659943740814924e-06 	 640
2.125001628883183e-06 	 640
1.0840012691915035e-06 	 640
8.330098353326321e-07 	 640
5.00003807246685e-07 	 758
1.6669946489855647e-06 	 758
2.500019036233425e-07 	 758
1.834006980061531e-06 	 758
2.4160108296200633e-06 	 758
3.16700607072562e-06 	 758
1.45800004247576e-06 	 758
1.124994014389813e-06 	 758
2.500019036233425e-07 	 318
8.33999365568161e-07 	 318
5.420006345957518e-07 	 318
1.2089876690879464e-06 	 318
4.159956006333232e-07 	 685
1.7499987734481692e-06 	 685
2.9579969123005867e-06 	 685
1.2920063454657793e-06 	 685
1.791995600797236e-06 	 685
2.874992787837982e-06 	 685
2.500019036233425e-07 	 685
1.2920063454657793e-06 	 685
2.7919886633753777e-06 	 685
1.5830009942874312e-06 	 685
1.2499949662014842e-06 	 514
1.1250085663050413e-06 	 514
1.0420044418424368e-06 	 514
7.920025382190943e-07 	 697
2.415996277704835e-06 	 697
2.9099464882165194e-07 	 697
7.920025382190943e-07 	 697
2.500019036233425e-07 	 697
1.1250085663050413e-06 	 697
1.2500095181167126e-07 	 697
1.124994014389813e-06 	 523
1.0420044418424368e-06 	 523
2.079905243590474e-07 	 523
1.2920063454657793e-06 	 523
1.8749997252598405e-06 	 423
1.8329883459955454e-06 	 423
1.1250085663050413e-06 	 423
4.169996827840805e-07 	 423
1.45800004247576e-06 	 362
5.830079317092896e-07 	 330
5.00003807246685e-07 	 330
2.4170003598555923e-06 	 559
1.8749997252598405e-06 	 559
6.659975042566657e-07 	 559
1.2089876690879464e-06 	 559
1.334003172814846e-06 	 456
2.0800507627427578e-07 	 456
6.250047590583563e-07 	 456
1.8749997252598405e-06 	 456
1.7499987734481692e-06 	 456
1.291991793550551e-06 	 456
1.4170072972774506e-06 	 449
1.6599369700998068e-07 	 449
8.329952834174037e-07 	 449
2.500019036233425e-07 	 449
1.8329883459955454e-06 	 449
2.0899460650980473e-07 	 311
5.829933797940612e-07 	 311
8.749921107664704e-07 	 311
5.420006345957518e-07 	 311
1.6600824892520905e-07 	 311
2.0000006770715117e-06 	 415
2.9199873097240925e-07 	 415
2.090091584250331e-07 	 415
1.6250123735517263e-06 	 415
2.833010512404144e-06 	 664
2.540997229516506e-06 	 664
1.3749959180131555e-06 	 664
3.7500285543501377e-07 	 664
7.500057108700275e-07 	 664
3.3300602808594704e-07 	 664
6.249902071431279e-07 	 664
3.249995643272996e-06 	 793
5.00003807246685e-07 	 793
8.749921107664704e-07 	 793
7.089984137564898e-07 	 793
1.0419898899272084e-06 	 793
3.4580007195472717e-06 	 793
1.6600824892520905e-07 	 793
3.4170079743489623e-06 	 793
3.3340038498863578e-06 	 793
3.3750111469998956e-06 	 793
1.624997821636498e-06 	 365
2.500019036233425e-07 	 365
1.00000761449337e-06 	 365
2.291009877808392e-06 	 921
3.7919962778687477e-06 	 921
5.00003807246685e-07 	 921
2.1669984562322497e-06 	 921
3.000008291564882e-06 	 921
3.6249984987080097e-06 	 921
4.159956006333232e-07 	 921
3.749999450519681e-06 	 921
1.9169965526089072e-06 	 921
1.624997821636498e-06 	 921
1.124994014389813e-06 	 538
2.0000006770715117e-06 	 538
1.0829971870407462e-06 	 538
8.33999365568161e-07 	 538
2.2500025806948543e-06 	 538
1.5830009942874312e-06 	 889
3.749999450519681e-06 	 889
3.249995643272996e-06 	 889
3.4580007195472717e-06 	 889
3.000008291564882e-06 	 889
3.8330035749822855e-06 	 889
2.4579931050539017e-06 	 889
2.6249908842146397e-06 	 889
5.829933797940612e-07 	 886
9.580107871443033e-07 	 886
4.0000013541430235e-06 	 886
2.3750035325065255e-06 	 886
3.3401011023670435e-07 	 886
5.410111043602228e-07 	 886
3.2090028980746865e-06 	 886
2.125001628883183e-06 	 886
1.5409896150231361e-06 	 827
2.5000044843181968e-06 	 827
2.0419975044205785e-06 	 827
1.9169965526089072e-06 	 827
2.458997187204659e-06 	 827
2.7500063879415393e-06 	 827
3.6249984987080097e-06 	 827
1.3750104699283838e-06 	 408
3.7500285543501377e-07 	 408
3.3299147617071867e-07 	 408
5.00003807246685e-07 	 408
1.7079873941838741e-06 	 408
5.409965524449944e-07 	 408
1.66997779160738e-07 	 992
1.9170111045241356e-06 	 992
3.16700607072562e-06 	 992
3.875000402331352e-06 	 992
3.374996595084667e-06 	 992
1.3749959180131555e-06 	 992
1.3749959180131555e-06 	 992
2.9999937396496534e-06 	 992
2.4160108296200633e-06 	 992
1.7080019460991025e-06 	 992
2.4998735170811415e-07 	 882
7.499911589547992e-07 	 882
8.300412446260452e-08 	 882
2.625005436129868e-06 	 882
3.3300602808594704e-07 	 882
1.3329990906640887e-06 	 882
2.9099464882165194e-07 	 882
6.249902071431279e-07 	 882
1.667009200900793e-06 	 882
3.8330035749822855e-06 	 882
1.334003172814846e-06 	 852
1.1660013115033507e-06 	 852
2.291999408043921e-06 	 852
7.079943316057324e-07 	 852
3.082997864112258e-06 	 852
2.6659981813281775e-06 	 852
6.669870344921947e-07 	 852
2.9170041671022773e-06 	 852
6.250047590583563e-07 	 951
1.3749959180131555e-06 	 951
3.3750111469998956e-06 	 951
4.124987754039466e-06 	 951
2.5420013116672635e-06 	 951
2.4999899324029684e-06 	 951
1.5410041669383645e-06 	 951
1.4590041246265173e-06 	 951
4.04199818149209e-06 	 951
4.040994099341333e-06 	 951
1.3329990906640887e-06 	 309
9.170034900307655e-07 	 309
1.2500095181167126e-07 	 309
1.4160032151266932e-06 	 730
3.16700607072562e-06 	 730
3.33995558321476e-07 	 730
2.125001628883183e-06 	 730
2.458997187204659e-06 	 730
6.249902071431279e-07 	 730
5.00003807246685e-07 	 730
1.7089914763346314e-06 	 730
1.5419936971738935e-06 	 730
2.1669984562322497e-06 	 525
7.500057108700275e-07 	 525
1.5830009942874312e-06 	 525
2.500019036233425e-07 	 525
3.000008291564882e-06 	 791
2.3330067051574588e-06 	 791
3.7500285543501377e-07 	 791
2.6659981813281775e-06 	 791
1.66997779160738e-07 	 791
6.659975042566657e-07 	 791
9.999930625781417e-07 	 791
1.66997779160738e-07 	 791
1.45800004247576e-06 	 576
9.170034900307655e-07 	 576
1.3749959180131555e-06 	 576
8.750066626816988e-07 	 576
2.625005436129868e-06 	 585
5.00003807246685e-07 	 585
8.750066626816988e-07 	 585
1.8329883459955454e-06 	 585
7.500057108700275e-07 	 585
2.1669984562322497e-06 	 585
4.169996827840805e-07 	 585
2.500019036233425e-07 	 585
3.749883035197854e-07 	 314
1.66997779160738e-07 	 314
2.2909953258931637e-06 	 924
3.3340038498863578e-06 	 924
1.2500095181167126e-07 	 924
2.2500025806948543e-06 	 924
2.7500063879415393e-06 	 924
2.3330067051574588e-06 	 924
1.291002263315022e-06 	 924
2.45800765696913e-06 	 924
1.8330028979107738e-06 	 924
5.829933797940612e-07 	 326
9.590003173798323e-07 	 326
1.6599369700998068e-07 	 326
1.4160032151266932e-06 	 813
1.7080019460991025e-06 	 813
8.329952834174037e-07 	 813
1.45800004247576e-06 	 813
7.080088835209608e-07 	 813
1.6660051187500358e-06 	 813
1.2500095181167126e-07 	 895
1.45800004247576e-06 	 895
1.624997821636498e-06 	 895
2.910092007368803e-07 	 895
2.3339962353929877e-06 	 895
2.582994056865573e-06 	 895
7.90998456068337e-07 	 895
1.958993379957974e-06 	 895
1.9579892978072166e-06 	 895
1.5419936971738935e-06 	 895
3.3401011023670435e-07 	 762
1.167005393654108e-06 	 762
1.3749959180131555e-06 	 762
1.5420082490891218e-06 	 762
2.4590117391198874e-06 	 762
1.958003849722445e-06 	 762
2.9579969123005867e-06 	 762
6.660120561718941e-07 	 506
6.250047590583563e-07 	 506
4.0000013541430235e-06 	 983
1.8749997252598405e-06 	 983
1.6669946489855647e-06 	 983
4.159956006333232e-07 	 983
4.125002305954695e-06 	 983
9.57996235229075e-07 	 983
2.9170041671022773e-06 	 983
4.580069798976183e-07 	 983
2.9199873097240925e-07 	 983
7.920025382190943e-07 	 983
1.4169927453622222e-06 	 482
5.420006345957518e-07 	 482
1.5830009942874312e-06 	 482
1.2079981388524175e-06 	 357
9.170034900307655e-07 	 357
1.0410003596916795e-06 	 357
7.079943316057324e-07 	 357
7.499911589547992e-07 	 357
1.6250123735517263e-06 	 357
8.750066626816988e-07 	 444
1.4160032151266932e-06 	 444
4.999892553314567e-07 	 352
2.079905243590474e-07 	 352
4.169996827840805e-07 	 352
1.4999968698248267e-06 	 352
1.7080019460991025e-06 	 791
3.7080026231706142e-06 	 791
4.125002305954695e-06 	 791
1.791006070561707e-06 	 791
9.999930625781417e-07 	 791
4.580069798976183e-07 	 791
1.66997779160738e-07 	 791
5.839974619448185e-07 	 791
1.9169965526089072e-06 	 791
2.2500025806948543e-06 	 791
1.8749997252598405e-06 	 927
1.66997779160738e-07 	 927
3.4159893402829766e-06 	 927
5.839974619448185e-07 	 927
3.6249984987080097e-06 	 927
3.3340038498863578e-06 	 927
3.7500285543501377e-07 	 927
4.292000085115433e-06 	 927
3.4999975468963385e-06 	 927
