3.3300602808594704e-07 	 539
2.500019036233425e-07 	 539
1.66997779160738e-07 	 539
2.0800507627427578e-07 	 539
1.66997779160738e-07 	 539
1.2500095181167126e-07 	 403
1.2500095181167126e-07 	 403
1.2500095181167126e-07 	 403
1.2500095181167126e-07 	 576
1.6599369700998068e-07 	 576
1.2500095181167126e-07 	 576
8.399365469813347e-08 	 576
1.2500095181167126e-07 	 576
1.2500095181167126e-07 	 576
1.2500095181167126e-07 	 576
1.6599369700998068e-07 	 469
1.2500095181167126e-07 	 469
8.300412446260452e-08 	 469
8.298957254737616e-08 	 469
1.2500095181167126e-07 	 850
1.2500095181167126e-07 	 850
2.0800507627427578e-07 	 850
1.2500095181167126e-07 	 850
8.399365469813347e-08 	 850
1.2500095181167126e-07 	 850
2.090091584250331e-07 	 850
1.2500095181167126e-07 	 955
1.6600824892520905e-07 	 955
8.298957254737616e-08 	 955
1.2500095181167126e-07 	 955
1.2500095181167126e-07 	 955
1.2500095181167126e-07 	 955
1.2500095181167126e-07 	 955
8.298957254737616e-08 	 955
8.300412446260452e-08 	 955
8.400820661336184e-08 	 955
1.2500095181167126e-07 	 616
1.249863998964429e-07 	 616
1.2500095181167126e-07 	 616
1.2500095181167126e-07 	 616
2.500019036233425e-07 	 589
1.2500095181167126e-07 	 589
2.079905243590474e-07 	 589
1.2500095181167126e-07 	 589
2.0800507627427578e-07 	 589
8.400820661336184e-08 	 589
1.2500095181167126e-07 	 589
1.2500095181167126e-07 	 589
1.66997779160738e-07 	 749
2.500019036233425e-07 	 749
1.2500095181167126e-07 	 749
8.300412446260452e-08 	 749
8.298957254737616e-08 	 749
8.300412446260452e-08 	 749
8.300412446260452e-08 	 749
8.400820661336184e-08 	 749
8.300412446260452e-08 	 749
1.2500095181167126e-07 	 809
1.2500095181167126e-07 	 809
1.2500095181167126e-07 	 809
1.2500095181167126e-07 	 809
8.300412446260452e-08 	 809
8.298957254737616e-08 	 809
8.300412446260452e-08 	 809
1.2500095181167126e-07 	 809
1.2500095181167126e-07 	 809
1.2500095181167126e-07 	 987
8.300412446260452e-08 	 987
8.300412446260452e-08 	 987
1.2500095181167126e-07 	 987
1.2500095181167126e-07 	 987
1.66997779160738e-07 	 987
8.400820661336184e-08 	 987
8.399365469813347e-08 	 987
8.298957254737616e-08 	 987
8.300412446260452e-08 	 987
8.399365469813347e-08 	 633
1.2500095181167126e-07 	 633
1.2500095181167126e-07 	 633
8.300412446260452e-08 	 633
1.249863998964429e-07 	 633
1.2500095181167126e-07 	 633
1.6599369700998068e-07 	 991
1.2500095181167126e-07 	 991
8.400820661336184e-08 	 991
8.399365469813347e-08 	 991
8.399365469813347e-08 	 991
8.300412446260452e-08 	 991
8.300412446260452e-08 	 991
8.400820661336184e-08 	 991
1.2500095181167126e-07 	 991
8.400820661336184e-08 	 991
8.300412446260452e-08 	 311
1.2500095181167126e-07 	 311
1.2500095181167126e-07 	 311
8.399365469813347e-08 	 823
1.2500095181167126e-07 	 823
8.300412446260452e-08 	 823
4.20113792642951e-08 	 823
8.300412446260452e-08 	 823
8.399365469813347e-08 	 823
8.300412446260452e-08 	 823
8.400820661336184e-08 	 823
8.300412446260452e-08 	 941
1.2500095181167126e-07 	 941
1.66997779160738e-07 	 941
8.300412446260452e-08 	 941
8.400820661336184e-08 	 941
1.2500095181167126e-07 	 941
8.300412446260452e-08 	 941
1.2500095181167126e-07 	 941
1.2500095181167126e-07 	 941
8.400820661336184e-08 	 941
1.2500095181167126e-07 	 937
1.2500095181167126e-07 	 937
1.2500095181167126e-07 	 937
8.399365469813347e-08 	 937
8.400820661336184e-08 	 937
8.300412446260452e-08 	 937
8.298957254737616e-08 	 937
1.2500095181167126e-07 	 937
8.400820661336184e-08 	 937
8.399365469813347e-08 	 937
8.300412446260452e-08 	 413
1.2500095181167126e-07 	 413
8.400820661336184e-08 	 413
8.400820661336184e-08 	 413
2.0800507627427578e-07 	 341
8.400820661336184e-08 	 341
1.249863998964429e-07 	 341
1.2500095181167126e-07 	 341
1.2500095181167126e-07 	 337
1.2500095181167126e-07 	 337
1.6600824892520905e-07 	 680
8.400820661336184e-08 	 680
1.2500095181167126e-07 	 680
1.2500095181167126e-07 	 680
8.399365469813347e-08 	 680
8.400820661336184e-08 	 680
1.2500095181167126e-07 	 680
1.2500095181167126e-07 	 414
8.298957254737616e-08 	 414
8.300412446260452e-08 	 414
8.399365469813347e-08 	 414
8.400820661336184e-08 	 414
1.2500095181167126e-07 	 315
8.300412446260452e-08 	 315
1.2500095181167126e-07 	 315
1.2500095181167126e-07 	 393
8.399365469813347e-08 	 393
1.6599369700998068e-07 	 393
8.400820661336184e-08 	 393
1.2500095181167126e-07 	 393
1.2500095181167126e-07 	 834
8.298957254737616e-08 	 834
8.300412446260452e-08 	 834
1.2500095181167126e-07 	 834
8.399365469813347e-08 	 834
8.399365469813347e-08 	 834
1.2500095181167126e-07 	 834
1.2500095181167126e-07 	 834
1.249863998964429e-07 	 834
8.400820661336184e-08 	 862
8.300412446260452e-08 	 862
1.2500095181167126e-07 	 862
1.6600824892520905e-07 	 862
8.300412446260452e-08 	 862
1.2500095181167126e-07 	 862
8.399365469813347e-08 	 862
8.300412446260452e-08 	 862
1.2500095181167126e-07 	 862
8.300412446260452e-08 	 764
8.400820661336184e-08 	 764
1.2500095181167126e-07 	 764
8.298957254737616e-08 	 764
1.2500095181167126e-07 	 764
8.298957254737616e-08 	 764
8.399365469813347e-08 	 764
8.399365469813347e-08 	 316
1.2500095181167126e-07 	 316
8.300412446260452e-08 	 997
1.2500095181167126e-07 	 997
1.6600824892520905e-07 	 997
1.2500095181167126e-07 	 997
8.400820661336184e-08 	 997
8.399365469813347e-08 	 997
1.2500095181167126e-07 	 997
8.300412446260452e-08 	 997
8.300412446260452e-08 	 997
1.6599369700998068e-07 	 997
8.300412446260452e-08 	 305
1.2500095181167126e-07 	 305
4.1996827349066734e-08 	 305
8.298957254737616e-08 	 516
8.400820661336184e-08 	 516
1.2500095181167126e-07 	 516
8.400820661336184e-08 	 516
8.399365469813347e-08 	 516
1.2500095181167126e-07 	 516
1.2500095181167126e-07 	 516
8.300412446260452e-08 	 516
1.2500095181167126e-07 	 691
1.2500095181167126e-07 	 691
1.2500095181167126e-07 	 691
1.2500095181167126e-07 	 691
8.399365469813347e-08 	 691
8.300412446260452e-08 	 691
1.2500095181167126e-07 	 401
8.300412446260452e-08 	 401
1.2500095181167126e-07 	 401
8.399365469813347e-08 	 401
8.298957254737616e-08 	 383
1.2500095181167126e-07 	 383
8.300412446260452e-08 	 383
8.300412446260452e-08 	 844
8.399365469813347e-08 	 844
8.298957254737616e-08 	 844
8.399365469813347e-08 	 844
1.2500095181167126e-07 	 844
8.298957254737616e-08 	 844
8.300412446260452e-08 	 844
4.20113792642951e-08 	 844
2.0800507627427578e-07 	 366
8.400820661336184e-08 	 366
8.300412446260452e-08 	 366
8.399365469813347e-08 	 366
1.2500095181167126e-07 	 366
1.2500095181167126e-07 	 366
1.2500095181167126e-07 	 840
8.399365469813347e-08 	 840
1.2500095181167126e-07 	 840
1.2500095181167126e-07 	 840
8.300412446260452e-08 	 840
1.2500095181167126e-07 	 840
4.099274519830942e-08 	 840
1.2500095181167126e-07 	 840
8.298957254737616e-08 	 840
1.2500095181167126e-07 	 486
8.300412446260452e-08 	 486
1.2500095181167126e-07 	 486
1.2500095181167126e-07 	 486
8.300412446260452e-08 	 486
1.2500095181167126e-07 	 325
8.300412446260452e-08 	 325
8.399365469813347e-08 	 325
8.300412446260452e-08 	 325
8.300412446260452e-08 	 325
8.399365469813347e-08 	 325
8.298957254737616e-08 	 913
8.400820661336184e-08 	 913
1.6600824892520905e-07 	 913
1.2500095181167126e-07 	 913
8.300412446260452e-08 	 913
8.400820661336184e-08 	 913
1.2500095181167126e-07 	 913
8.300412446260452e-08 	 913
8.400820661336184e-08 	 913
8.399365469813347e-08 	 609
1.66997779160738e-07 	 609
8.300412446260452e-08 	 609
8.300412446260452e-08 	 609
2.500019036233425e-07 	 609
1.2500095181167126e-07 	 609
8.399365469813347e-08 	 621
1.2500095181167126e-07 	 621
1.2500095181167126e-07 	 621
1.2500095181167126e-07 	 621
1.2500095181167126e-07 	 621
8.298957254737616e-08 	 621
2.4998735170811415e-07 	 994
8.399365469813347e-08 	 994
8.400820661336184e-08 	 994
1.2500095181167126e-07 	 994
8.300412446260452e-08 	 994
8.300412446260452e-08 	 994
8.400820661336184e-08 	 994
1.2500095181167126e-07 	 994
8.300412446260452e-08 	 994
1.2500095181167126e-07 	 994
8.300412446260452e-08 	 965
1.2500095181167126e-07 	 965
8.399365469813347e-08 	 965
8.300412446260452e-08 	 965
1.2500095181167126e-07 	 965
8.300412446260452e-08 	 965
8.300412446260452e-08 	 965
8.399365469813347e-08 	 965
8.298957254737616e-08 	 965
8.399365469813347e-08 	 965
1.2500095181167126e-07 	 423
8.300412446260452e-08 	 423
1.2500095181167126e-07 	 423
8.298957254737616e-08 	 423
8.399365469813347e-08 	 461
8.400820661336184e-08 	 461
1.2500095181167126e-07 	 461
8.300412446260452e-08 	 428
8.399365469813347e-08 	 428
8.400820661336184e-08 	 428
8.400820661336184e-08 	 534
1.2500095181167126e-07 	 534
1.2500095181167126e-07 	 534
8.300412446260452e-08 	 534
1.2500095181167126e-07 	 332
8.300412446260452e-08 	 332
8.300412446260452e-08 	 332
8.300412446260452e-08 	 332
1.2500095181167126e-07 	 586
1.2500095181167126e-07 	 586
1.2500095181167126e-07 	 375
1.2500095181167126e-07 	 375
8.300412446260452e-08 	 375
8.298957254737616e-08 	 631
1.6599369700998068e-07 	 631
1.2500095181167126e-07 	 631
1.2500095181167126e-07 	 631
8.400820661336184e-08 	 631
8.300412446260452e-08 	 631
8.300412446260452e-08 	 631
1.2500095181167126e-07 	 768
1.2500095181167126e-07 	 768
8.298957254737616e-08 	 768
8.399365469813347e-08 	 768
1.2500095181167126e-07 	 768
8.300412446260452e-08 	 768
8.300412446260452e-08 	 768
1.2500095181167126e-07 	 768
8.298957254737616e-08 	 820
1.2500095181167126e-07 	 820
1.2500095181167126e-07 	 820
8.400820661336184e-08 	 820
8.399365469813347e-08 	 820
1.249863998964429e-07 	 820
8.400820661336184e-08 	 820
8.399365469813347e-08 	 820
8.298957254737616e-08 	 820
1.2500095181167126e-07 	 993
1.249863998964429e-07 	 993
1.2500095181167126e-07 	 993
8.399365469813347e-08 	 993
8.300412446260452e-08 	 993
1.2500095181167126e-07 	 993
8.300412446260452e-08 	 993
1.2500095181167126e-07 	 993
8.298957254737616e-08 	 993
1.2500095181167126e-07 	 993
8.300412446260452e-08 	 653
1.2500095181167126e-07 	 653
1.2500095181167126e-07 	 653
8.300412446260452e-08 	 653
8.399365469813347e-08 	 653
1.2500095181167126e-07 	 320
8.300412446260452e-08 	 320
8.300412446260452e-08 	 320
1.2500095181167126e-07 	 756
4.1996827349066734e-08 	 756
1.2500095181167126e-07 	 756
1.249863998964429e-07 	 756
8.400820661336184e-08 	 756
1.2500095181167126e-07 	 756
8.298957254737616e-08 	 756
1.2500095181167126e-07 	 892
8.300412446260452e-08 	 892
1.6599369700998068e-07 	 892
8.300412446260452e-08 	 892
1.2500095181167126e-07 	 892
8.300412446260452e-08 	 892
1.2500095181167126e-07 	 892
8.298957254737616e-08 	 892
8.300412446260452e-08 	 880
8.300412446260452e-08 	 880
1.2500095181167126e-07 	 880
8.399365469813347e-08 	 880
8.399365469813347e-08 	 880
8.300412446260452e-08 	 880
1.6600824892520905e-07 	 880
1.2500095181167126e-07 	 880
8.400820661336184e-08 	 880
1.2500095181167126e-07 	 780
1.2500095181167126e-07 	 780
1.2500095181167126e-07 	 780
1.2500095181167126e-07 	 780
8.300412446260452e-08 	 780
8.399365469813347e-08 	 780
8.400820661336184e-08 	 780
1.2500095181167126e-07 	 780
8.300412446260452e-08 	 780
8.298957254737616e-08 	 916
8.399365469813347e-08 	 916
1.2500095181167126e-07 	 916
8.399365469813347e-08 	 916
1.2500095181167126e-07 	 916
1.2500095181167126e-07 	 916
8.300412446260452e-08 	 916
1.2500095181167126e-07 	 916
8.399365469813347e-08 	 916
8.400820661336184e-08 	 331
8.300412446260452e-08 	 331
1.2500095181167126e-07 	 331
8.300412446260452e-08 	 331
8.400820661336184e-08 	 331
8.399365469813347e-08 	 818
8.298957254737616e-08 	 818
8.300412446260452e-08 	 818
1.2500095181167126e-07 	 818
1.2500095181167126e-07 	 818
1.2500095181167126e-07 	 818
8.300412446260452e-08 	 818
8.300412446260452e-08 	 818
8.300412446260452e-08 	 818
8.298957254737616e-08 	 931
8.300412446260452e-08 	 931
8.298957254737616e-08 	 931
1.2500095181167126e-07 	 931
8.399365469813347e-08 	 931
1.2500095181167126e-07 	 931
1.2500095181167126e-07 	 931
8.399365469813347e-08 	 931
1.2500095181167126e-07 	 931
8.399365469813347e-08 	 989
8.300412446260452e-08 	 989
1.2500095181167126e-07 	 989
8.399365469813347e-08 	 989
1.2500095181167126e-07 	 989
1.2500095181167126e-07 	 989
8.400820661336184e-08 	 989
8.300412446260452e-08 	 989
8.399365469813347e-08 	 989
8.298957254737616e-08 	 547
8.300412446260452e-08 	 547
8.400820661336184e-08 	 547
8.399365469813347e-08 	 547
8.298957254737616e-08 	 547
1.2500095181167126e-07 	 547
8.298957254737616e-08 	 547
8.300412446260452e-08 	 572
8.300412446260452e-08 	 572
1.2500095181167126e-07 	 572
8.300412446260452e-08 	 572
8.300412446260452e-08 	 582
1.2500095181167126e-07 	 582
1.2500095181167126e-07 	 582
1.2500095181167126e-07 	 582
8.300412446260452e-08 	 582
1.2500095181167126e-07 	 309
1.2500095181167126e-07 	 309
8.399365469813347e-08 	 309
8.400820661336184e-08 	 309
1.249863998964429e-07 	 733
8.300412446260452e-08 	 733
8.298957254737616e-08 	 733
1.2500095181167126e-07 	 733
1.2500095181167126e-07 	 733
1.249863998964429e-07 	 733
1.2500095181167126e-07 	 733
8.400820661336184e-08 	 733
8.399365469813347e-08 	 733
1.2500095181167126e-07 	 690
1.2500095181167126e-07 	 690
8.399365469813347e-08 	 690
8.300412446260452e-08 	 690
1.249863998964429e-07 	 690
8.400820661336184e-08 	 690
1.2500095181167126e-07 	 690
8.399365469813347e-08 	 554
8.400820661336184e-08 	 554
1.249863998964429e-07 	 554
8.399365469813347e-08 	 554
8.399365469813347e-08 	 554
8.399365469813347e-08 	 809
8.300412446260452e-08 	 809
8.298957254737616e-08 	 809
8.399365469813347e-08 	 809
8.400820661336184e-08 	 809
1.2500095181167126e-07 	 809
1.2500095181167126e-07 	 439
1.2500095181167126e-07 	 439
8.300412446260452e-08 	 439
8.300412446260452e-08 	 439
1.6600824892520905e-07 	 512
1.2500095181167126e-07 	 512
1.2500095181167126e-07 	 549
8.399365469813347e-08 	 549
1.2500095181167126e-07 	 549
1.2500095181167126e-07 	 549
1.2500095181167126e-07 	 549
1.2500095181167126e-07 	 685
1.2500095181167126e-07 	 685
1.2500095181167126e-07 	 685
1.2500095181167126e-07 	 685
8.300412446260452e-08 	 685
8.298957254737616e-08 	 685
8.399365469813347e-08 	 685
8.399365469813347e-08 	 685
8.300412446260452e-08 	 385
8.300412446260452e-08 	 385
8.300412446260452e-08 	 819
1.2500095181167126e-07 	 819
1.249863998964429e-07 	 819
1.2500095181167126e-07 	 819
1.2500095181167126e-07 	 819
1.2500095181167126e-07 	 819
1.2500095181167126e-07 	 819
1.2500095181167126e-07 	 819
1.2500095181167126e-07 	 819
1.2500095181167126e-07 	 819
8.300412446260452e-08 	 858
8.400820661336184e-08 	 858
1.2500095181167126e-07 	 858
1.2500095181167126e-07 	 858
8.300412446260452e-08 	 858
1.2500095181167126e-07 	 858
1.2500095181167126e-07 	 858
8.300412446260452e-08 	 858
1.2500095181167126e-07 	 858
8.300412446260452e-08 	 970
8.399365469813347e-08 	 970
8.400820661336184e-08 	 970
1.2500095181167126e-07 	 970
8.298957254737616e-08 	 970
1.2500095181167126e-07 	 970
8.300412446260452e-08 	 970
8.400820661336184e-08 	 970
8.399365469813347e-08 	 970
8.298957254737616e-08 	 970
8.298957254737616e-08 	 870
8.300412446260452e-08 	 870
8.400820661336184e-08 	 870
8.399365469813347e-08 	 870
8.298957254737616e-08 	 870
8.300412446260452e-08 	 870
8.400820661336184e-08 	 870
8.400820661336184e-08 	 870
8.300412446260452e-08 	 870
1.2500095181167126e-07 	 870
8.298957254737616e-08 	 876
8.300412446260452e-08 	 876
8.399365469813347e-08 	 876
8.298957254737616e-08 	 876
4.099274519830942e-08 	 876
8.399365469813347e-08 	 876
8.300412446260452e-08 	 929
8.399365469813347e-08 	 929
8.298957254737616e-08 	 929
8.300412446260452e-08 	 929
8.399365469813347e-08 	 929
1.2500095181167126e-07 	 929
1.2500095181167126e-07 	 929
8.300412446260452e-08 	 929
1.2500095181167126e-07 	 929
1.2500095181167126e-07 	 929
8.400820661336184e-08 	 877
8.300412446260452e-08 	 877
8.400820661336184e-08 	 877
8.300412446260452e-08 	 877
8.300412446260452e-08 	 877
8.300412446260452e-08 	 877
8.300412446260452e-08 	 877
8.400820661336184e-08 	 877
8.300412446260452e-08 	 877
1.2500095181167126e-07 	 823
8.300412446260452e-08 	 823
8.399365469813347e-08 	 823
8.298957254737616e-08 	 823
8.399365469813347e-08 	 823
8.298957254737616e-08 	 823
8.300412446260452e-08 	 550
8.298957254737616e-08 	 550
1.2500095181167126e-07 	 550
8.298957254737616e-08 	 550
8.399365469813347e-08 	 550
8.298957254737616e-08 	 550
8.298957254737616e-08 	 587
8.300412446260452e-08 	 587
8.300412446260452e-08 	 587
8.400820661336184e-08 	 587
8.298957254737616e-08 	 948
8.399365469813347e-08 	 948
1.2500095181167126e-07 	 948
8.300412446260452e-08 	 948
1.2500095181167126e-07 	 948
8.300412446260452e-08 	 948
8.400820661336184e-08 	 948
8.300412446260452e-08 	 948
8.298957254737616e-08 	 948
1.2500095181167126e-07 	 793
1.2500095181167126e-07 	 793
1.2500095181167126e-07 	 793
8.400820661336184e-08 	 793
1.2500095181167126e-07 	 793
8.399365469813347e-08 	 793
1.2500095181167126e-07 	 793
1.2500095181167126e-07 	 793
1.2500095181167126e-07 	 329
1.2500095181167126e-07 	 329
1.2500095181167126e-07 	 329
8.300412446260452e-08 	 329
8.400820661336184e-08 	 697
1.2500095181167126e-07 	 697
8.300412446260452e-08 	 697
1.2500095181167126e-07 	 697
8.300412446260452e-08 	 697
8.399365469813347e-08 	 697
1.2500095181167126e-07 	 697
8.399365469813347e-08 	 998
8.300412446260452e-08 	 998
8.298957254737616e-08 	 998
1.2500095181167126e-07 	 998
8.400820661336184e-08 	 998
8.399365469813347e-08 	 998
1.2500095181167126e-07 	 998
8.300412446260452e-08 	 998
8.300412446260452e-08 	 998
8.400820661336184e-08 	 998
8.400820661336184e-08 	 369
1.2500095181167126e-07 	 369
8.400820661336184e-08 	 369
8.300412446260452e-08 	 369
8.400820661336184e-08 	 369
8.400820661336184e-08 	 393
8.300412446260452e-08 	 393
1.249863998964429e-07 	 393
1.2500095181167126e-07 	 393
1.2500095181167126e-07 	 393
8.298957254737616e-08 	 393
8.400820661336184e-08 	 393
1.2500095181167126e-07 	 393
1.6599369700998068e-07 	 421
8.300412446260452e-08 	 421
8.300412446260452e-08 	 442
1.2500095181167126e-07 	 442
8.300412446260452e-08 	 442
8.300412446260452e-08 	 442
1.6600824892520905e-07 	 442
8.300412446260452e-08 	 733
8.400820661336184e-08 	 733
1.2500095181167126e-07 	 733
8.400820661336184e-08 	 733
1.2500095181167126e-07 	 733
8.300412446260452e-08 	 733
8.399365469813347e-08 	 733
1.2500095181167126e-07 	 733
8.300412446260452e-08 	 683
8.300412446260452e-08 	 683
8.298957254737616e-08 	 683
8.399365469813347e-08 	 683
8.298957254737616e-08 	 683
8.399365469813347e-08 	 683
8.300412446260452e-08 	 683
1.2500095181167126e-07 	 683
8.399365469813347e-08 	 683
1.2500095181167126e-07 	 714
8.298957254737616e-08 	 714
1.6599369700998068e-07 	 714
1.2500095181167126e-07 	 714
1.2500095181167126e-07 	 714
1.249863998964429e-07 	 714
1.2500095181167126e-07 	 874
8.300412446260452e-08 	 874
8.298957254737616e-08 	 874
3.33995558321476e-07 	 874
1.2500095181167126e-07 	 874
8.298957254737616e-08 	 874
1.2500095181167126e-07 	 874
1.2500095181167126e-07 	 874
1.66997779160738e-07 	 629
1.2500095181167126e-07 	 629
1.2500095181167126e-07 	 629
8.298957254737616e-08 	 629
1.2500095181167126e-07 	 629
1.2500095181167126e-07 	 629
8.300412446260452e-08 	 629
8.300412446260452e-08 	 629
8.399365469813347e-08 	 661
1.2500095181167126e-07 	 661
8.300412446260452e-08 	 661
1.2500095181167126e-07 	 661
1.2500095181167126e-07 	 661
1.2500095181167126e-07 	 661
1.2500095181167126e-07 	 661
1.2500095181167126e-07 	 661
8.298957254737616e-08 	 683
8.300412446260452e-08 	 683
8.300412446260452e-08 	 683
8.400820661336184e-08 	 683
8.399365469813347e-08 	 683
4.1996827349066734e-08 	 683
1.2500095181167126e-07 	 683
8.399365469813347e-08 	 683
1.2500095181167126e-07 	 433
1.2500095181167126e-07 	 433
1.2500095181167126e-07 	 845
1.249863998964429e-07 	 845
8.300412446260452e-08 	 845
1.2500095181167126e-07 	 845
1.6599369700998068e-07 	 845
8.399365469813347e-08 	 845
1.2500095181167126e-07 	 845
1.249863998964429e-07 	 398
8.400820661336184e-08 	 398
8.300412446260452e-08 	 398
1.2500095181167126e-07 	 398
1.2500095181167126e-07 	 398
1.2500095181167126e-07 	 858
1.2500095181167126e-07 	 858
1.2500095181167126e-07 	 858
8.300412446260452e-08 	 858
1.2500095181167126e-07 	 858
8.399365469813347e-08 	 858
8.298957254737616e-08 	 858
8.298957254737616e-08 	 858
8.300412446260452e-08 	 623
1.2500095181167126e-07 	 623
1.2500095181167126e-07 	 623
8.399365469813347e-08 	 623
1.2500095181167126e-07 	 623
1.2500095181167126e-07 	 623
8.298957254737616e-08 	 557
1.2500095181167126e-07 	 557
1.2500095181167126e-07 	 557
8.300412446260452e-08 	 557
1.2500095181167126e-07 	 557
1.2500095181167126e-07 	 557
1.2500095181167126e-07 	 602
1.2500095181167126e-07 	 602
8.300412446260452e-08 	 602
1.2500095181167126e-07 	 602
8.300412446260452e-08 	 602
8.298957254737616e-08 	 602
8.300412446260452e-08 	 602
1.2500095181167126e-07 	 602
8.400820661336184e-08 	 983
8.399365469813347e-08 	 983
1.2500095181167126e-07 	 983
8.298957254737616e-08 	 983
8.399365469813347e-08 	 983
1.249863998964429e-07 	 983
8.300412446260452e-08 	 983
8.300412446260452e-08 	 983
8.300412446260452e-08 	 983
1.2500095181167126e-07 	 983
8.399365469813347e-08 	 374
8.300412446260452e-08 	 374
1.2500095181167126e-07 	 597
1.2500095181167126e-07 	 597
8.300412446260452e-08 	 597
8.298957254737616e-08 	 597
1.2500095181167126e-07 	 597
1.2500095181167126e-07 	 691
1.2500095181167126e-07 	 691
1.6600824892520905e-07 	 691
1.2500095181167126e-07 	 691
1.2500095181167126e-07 	 691
1.2500095181167126e-07 	 691
1.2500095181167126e-07 	 691
1.6600824892520905e-07 	 944
1.2500095181167126e-07 	 944
1.2500095181167126e-07 	 944
1.2500095181167126e-07 	 944
8.298957254737616e-08 	 944
1.2500095181167126e-07 	 944
8.298957254737616e-08 	 944
8.298957254737616e-08 	 944
1.2500095181167126e-07 	 944
8.298957254737616e-08 	 944
8.300412446260452e-08 	 969
8.298957254737616e-08 	 969
8.300412446260452e-08 	 969
1.2500095181167126e-07 	 969
8.300412446260452e-08 	 969
1.249863998964429e-07 	 969
1.2500095181167126e-07 	 969
1.2500095181167126e-07 	 969
8.300412446260452e-08 	 969
8.399365469813347e-08 	 969
8.300412446260452e-08 	 785
8.300412446260452e-08 	 785
1.2500095181167126e-07 	 785
1.2500095181167126e-07 	 785
8.300412446260452e-08 	 785
8.300412446260452e-08 	 785
1.2500095181167126e-07 	 785
8.300412446260452e-08 	 785
8.300412446260452e-08 	 783
1.2500095181167126e-07 	 783
2.0899460650980473e-07 	 783
8.400820661336184e-08 	 783
8.300412446260452e-08 	 783
8.300412446260452e-08 	 783
8.298957254737616e-08 	 783
8.298957254737616e-08 	 868
8.399365469813347e-08 	 868
8.298957254737616e-08 	 868
4.1996827349066734e-08 	 868
8.399365469813347e-08 	 868
8.298957254737616e-08 	 868
8.399365469813347e-08 	 868
8.300412446260452e-08 	 998
8.400820661336184e-08 	 998
8.300412446260452e-08 	 998
1.6599369700998068e-07 	 998
1.6599369700998068e-07 	 998
8.300412446260452e-08 	 998
1.2500095181167126e-07 	 998
8.300412446260452e-08 	 998
8.400820661336184e-08 	 998
1.2500095181167126e-07 	 998
2.0899460650980473e-07 	 469
8.400820661336184e-08 	 469
8.298957254737616e-08 	 469
1.2500095181167126e-07 	 358
8.300412446260452e-08 	 358
8.399365469813347e-08 	 358
8.300412446260452e-08 	 358
8.399365469813347e-08 	 358
8.298957254737616e-08 	 651
4.1996827349066734e-08 	 651
1.249863998964429e-07 	 651
1.6600824892520905e-07 	 651
8.298957254737616e-08 	 651
8.298957254737616e-08 	 754
8.399365469813347e-08 	 754
8.400820661336184e-08 	 754
1.2500095181167126e-07 	 754
1.2500095181167126e-07 	 754
8.300412446260452e-08 	 754
8.298957254737616e-08 	 754
8.399365469813347e-08 	 507
1.2500095181167126e-07 	 507
1.2500095181167126e-07 	 507
1.2500095181167126e-07 	 556
8.300412446260452e-08 	 556
1.249863998964429e-07 	 556
1.2500095181167126e-07 	 556
8.399365469813347e-08 	 556
1.2500095181167126e-07 	 837
1.2500095181167126e-07 	 837
8.300412446260452e-08 	 837
1.2500095181167126e-07 	 837
8.300412446260452e-08 	 837
4.1996827349066734e-08 	 837
1.2500095181167126e-07 	 837
8.400820661336184e-08 	 837
8.300412446260452e-08 	 837
1.249863998964429e-07 	 837
8.400820661336184e-08 	 353
1.2500095181167126e-07 	 353
8.300412446260452e-08 	 353
1.2500095181167126e-07 	 353
1.249863998964429e-07 	 353
1.6701233107596636e-07 	 845
1.2500095181167126e-07 	 845
1.2500095181167126e-07 	 845
1.2500095181167126e-07 	 845
8.399365469813347e-08 	 845
8.400820661336184e-08 	 845
8.300412446260452e-08 	 845
1.2500095181167126e-07 	 845
8.300412446260452e-08 	 400
1.2500095181167126e-07 	 400
1.2500095181167126e-07 	 400
8.300412446260452e-08 	 400
4.1996827349066734e-08 	 421
8.399365469813347e-08 	 472
2.500019036233425e-07 	 472
1.2500095181167126e-07 	 472
8.399365469813347e-08 	 472
8.300412446260452e-08 	 472
1.2500095181167126e-07 	 555
8.300412446260452e-08 	 555
1.2500095181167126e-07 	 555
8.399365469813347e-08 	 555
8.300412446260452e-08 	 555
1.249863998964429e-07 	 555
1.2500095181167126e-07 	 555
8.300412446260452e-08 	 404
8.399365469813347e-08 	 404
1.2500095181167126e-07 	 404
1.249863998964429e-07 	 684
8.300412446260452e-08 	 684
1.2500095181167126e-07 	 684
8.300412446260452e-08 	 684
8.300412446260452e-08 	 684
8.399365469813347e-08 	 684
8.300412446260452e-08 	 684
1.6599369700998068e-07 	 684
8.399365469813347e-08 	 684
8.300412446260452e-08 	 468
1.2500095181167126e-07 	 468
8.300412446260452e-08 	 468
1.6599369700998068e-07 	 468
8.298957254737616e-08 	 394
8.300412446260452e-08 	 394
8.300412446260452e-08 	 394
8.400820661336184e-08 	 394
1.2500095181167126e-07 	 394
1.2500095181167126e-07 	 394
1.2500095181167126e-07 	 803
8.399365469813347e-08 	 803
1.249863998964429e-07 	 803
8.300412446260452e-08 	 803
8.399365469813347e-08 	 803
1.2500095181167126e-07 	 803
8.399365469813347e-08 	 803
1.2500095181167126e-07 	 803
8.300412446260452e-08 	 803
8.399365469813347e-08 	 374
8.399365469813347e-08 	 374
1.2500095181167126e-07 	 374
8.298957254737616e-08 	 374
8.399365469813347e-08 	 374
8.399365469813347e-08 	 996
1.2500095181167126e-07 	 996
8.399365469813347e-08 	 996
1.2500095181167126e-07 	 996
8.300412446260452e-08 	 996
8.400820661336184e-08 	 996
8.300412446260452e-08 	 996
8.300412446260452e-08 	 996
1.2500095181167126e-07 	 996
8.300412446260452e-08 	 996
1.2500095181167126e-07 	 420
8.298957254737616e-08 	 420
8.399365469813347e-08 	 420
1.2500095181167126e-07 	 420
2.500019036233425e-07 	 686
1.2500095181167126e-07 	 686
8.400820661336184e-08 	 686
8.300412446260452e-08 	 686
2.079905243590474e-07 	 686
2.500019036233425e-07 	 686
2.079905243590474e-07 	 686
1.2500095181167126e-07 	 870
8.399365469813347e-08 	 870
1.249863998964429e-07 	 870
1.2500095181167126e-07 	 870
1.2500095181167126e-07 	 870
1.2500095181167126e-07 	 870
8.298957254737616e-08 	 870
1.2500095181167126e-07 	 870
1.249863998964429e-07 	 870
8.300412446260452e-08 	 870
8.300412446260452e-08 	 683
4.1996827349066734e-08 	 683
8.399365469813347e-08 	 683
8.300412446260452e-08 	 683
1.2500095181167126e-07 	 683
8.298957254737616e-08 	 683
1.2500095181167126e-07 	 683
8.300412446260452e-08 	 683
2.500019036233425e-07 	 683
8.300412446260452e-08 	 727
1.2500095181167126e-07 	 727
4.20113792642951e-08 	 727
2.0800507627427578e-07 	 727
8.399365469813347e-08 	 727
1.2500095181167126e-07 	 727
8.300412446260452e-08 	 727
8.399365469813347e-08 	 975
1.2500095181167126e-07 	 975
4.1996827349066734e-08 	 975
1.2500095181167126e-07 	 975
8.300412446260452e-08 	 975
8.400820661336184e-08 	 975
8.300412446260452e-08 	 975
8.400820661336184e-08 	 975
8.300412446260452e-08 	 975
8.300412446260452e-08 	 975
8.400820661336184e-08 	 906
8.300412446260452e-08 	 906
1.2500095181167126e-07 	 906
8.300412446260452e-08 	 906
8.298957254737616e-08 	 906
8.300412446260452e-08 	 906
8.298957254737616e-08 	 906
8.300412446260452e-08 	 906
8.300412446260452e-08 	 906
8.400820661336184e-08 	 953
8.300412446260452e-08 	 953
8.298957254737616e-08 	 953
1.2500095181167126e-07 	 953
8.400820661336184e-08 	 953
8.300412446260452e-08 	 953
8.300412446260452e-08 	 953
1.2500095181167126e-07 	 953
1.2500095181167126e-07 	 953
2.4998735170811415e-07 	 953
1.2500095181167126e-07 	 803
1.2500095181167126e-07 	 803
4.1996827349066734e-08 	 803
8.399365469813347e-08 	 803
8.300412446260452e-08 	 803
8.300412446260452e-08 	 803
8.298957254737616e-08 	 803
8.300412446260452e-08 	 803
8.298957254737616e-08 	 803
8.298957254737616e-08 	 723
2.910092007368803e-07 	 723
1.249863998964429e-07 	 723
2.500019036233425e-07 	 723
8.400820661336184e-08 	 723
8.300412446260452e-08 	 871
1.2500095181167126e-07 	 871
1.2500095181167126e-07 	 871
1.2500095181167126e-07 	 871
8.300412446260452e-08 	 871
1.2500095181167126e-07 	 871
1.2500095181167126e-07 	 871
8.298957254737616e-08 	 871
8.300412446260452e-08 	 871
1.2500095181167126e-07 	 573
8.298957254737616e-08 	 573
1.2500095181167126e-07 	 573
8.399365469813347e-08 	 573
1.2500095181167126e-07 	 573
7.089984137564898e-07 	 573
8.300412446260452e-08 	 573
2.500019036233425e-07 	 615
8.298957254737616e-08 	 615
1.2500095181167126e-07 	 615
1.2500095181167126e-07 	 615
8.300412446260452e-08 	 615
8.400820661336184e-08 	 615
1.2500095181167126e-07 	 460
8.399365469813347e-08 	 460
8.300412446260452e-08 	 460
1.2500095181167126e-07 	 855
8.298957254737616e-08 	 855
4.1996827349066734e-08 	 855
8.400820661336184e-08 	 855
1.2500095181167126e-07 	 855
8.400820661336184e-08 	 855
1.2500095181167126e-07 	 855
8.399365469813347e-08 	 855
8.298957254737616e-08 	 855
4.1996827349066734e-08 	 855
1.2500095181167126e-07 	 744
8.298957254737616e-08 	 744
1.2500095181167126e-07 	 744
8.400820661336184e-08 	 744
4.1996827349066734e-08 	 744
8.300412446260452e-08 	 744
8.300412446260452e-08 	 764
1.2500095181167126e-07 	 764
4.1996827349066734e-08 	 764
8.298957254737616e-08 	 764
8.399365469813347e-08 	 764
8.300412446260452e-08 	 764
1.2500095181167126e-07 	 764
8.399365469813347e-08 	 764
8.298957254737616e-08 	 764
8.399365469813347e-08 	 987
8.300412446260452e-08 	 987
8.298957254737616e-08 	 987
1.2500095181167126e-07 	 987
8.298957254737616e-08 	 987
8.300412446260452e-08 	 987
1.2500095181167126e-07 	 987
8.300412446260452e-08 	 987
1.2500095181167126e-07 	 987
8.300412446260452e-08 	 987
4.1996827349066734e-08 	 531
8.300412446260452e-08 	 531
8.300412446260452e-08 	 531
1.2500095181167126e-07 	 531
1.2500095181167126e-07 	 531
1.2500095181167126e-07 	 384
8.298957254737616e-08 	 384
8.300412446260452e-08 	 384
8.300412446260452e-08 	 874
1.2500095181167126e-07 	 874
1.2500095181167126e-07 	 874
1.2500095181167126e-07 	 874
8.298957254737616e-08 	 874
1.2500095181167126e-07 	 874
8.300412446260452e-08 	 874
8.300412446260452e-08 	 874
8.300412446260452e-08 	 874
1.66997779160738e-07 	 878
8.298957254737616e-08 	 878
8.298957254737616e-08 	 878
1.2500095181167126e-07 	 878
1.2500095181167126e-07 	 878
8.300412446260452e-08 	 878
8.298957254737616e-08 	 878
1.2500095181167126e-07 	 878
1.2500095181167126e-07 	 878
8.300412446260452e-08 	 352
8.300412446260452e-08 	 352
1.2500095181167126e-07 	 352
1.2500095181167126e-07 	 535
1.2500095181167126e-07 	 535
1.2500095181167126e-07 	 535
8.298957254737616e-08 	 535
8.399365469813347e-08 	 535
8.298957254737616e-08 	 535
1.6600824892520905e-07 	 802
8.298957254737616e-08 	 802
8.400820661336184e-08 	 802
8.300412446260452e-08 	 802
8.298957254737616e-08 	 802
8.300412446260452e-08 	 802
8.300412446260452e-08 	 802
1.6701233107596636e-07 	 802
8.399365469813347e-08 	 448
8.300412446260452e-08 	 448
8.300412446260452e-08 	 448
8.300412446260452e-08 	 448
1.2500095181167126e-07 	 448
8.300412446260452e-08 	 804
8.300412446260452e-08 	 804
8.400820661336184e-08 	 804
4.1996827349066734e-08 	 804
8.300412446260452e-08 	 804
8.298957254737616e-08 	 804
1.2500095181167126e-07 	 804
8.298957254737616e-08 	 804
8.300412446260452e-08 	 804
8.300412446260452e-08 	 804
1.2500095181167126e-07 	 398
1.2500095181167126e-07 	 398
1.2500095181167126e-07 	 398
8.300412446260452e-08 	 398
8.399365469813347e-08 	 398
8.298957254737616e-08 	 398
8.399365469813347e-08 	 398
1.2500095181167126e-07 	 564
8.400820661336184e-08 	 564
8.300412446260452e-08 	 564
1.2500095181167126e-07 	 564
8.300412446260452e-08 	 564
8.298957254737616e-08 	 564
1.2500095181167126e-07 	 808
1.2500095181167126e-07 	 808
8.300412446260452e-08 	 808
8.300412446260452e-08 	 808
8.300412446260452e-08 	 808
8.400820661336184e-08 	 808
1.2500095181167126e-07 	 808
8.300412446260452e-08 	 808
8.300412446260452e-08 	 808
8.300412446260452e-08 	 808
8.399365469813347e-08 	 541
8.298957254737616e-08 	 541
8.300412446260452e-08 	 541
1.2500095181167126e-07 	 541
8.400820661336184e-08 	 541
8.300412446260452e-08 	 541
8.399365469813347e-08 	 484
1.2500095181167126e-07 	 484
8.300412446260452e-08 	 484
1.2500095181167126e-07 	 484
8.399365469813347e-08 	 484
8.300412446260452e-08 	 549
8.300412446260452e-08 	 549
1.2500095181167126e-07 	 549
4.1996827349066734e-08 	 549
4.1996827349066734e-08 	 549
8.300412446260452e-08 	 549
8.300412446260452e-08 	 549
8.399365469813347e-08 	 991
1.249863998964429e-07 	 991
1.2500095181167126e-07 	 991
8.300412446260452e-08 	 991
8.298957254737616e-08 	 991
1.2500095181167126e-07 	 991
1.2500095181167126e-07 	 991
8.300412446260452e-08 	 991
8.300412446260452e-08 	 991
8.300412446260452e-08 	 991
4.1996827349066734e-08 	 682
8.298957254737616e-08 	 682
4.1996827349066734e-08 	 682
8.300412446260452e-08 	 682
8.300412446260452e-08 	 682
4.1996827349066734e-08 	 682
8.399365469813347e-08 	 682
8.300412446260452e-08 	 417
8.298957254737616e-08 	 417
1.2500095181167126e-07 	 417
8.399365469813347e-08 	 417
1.2500095181167126e-07 	 417
1.2500095181167126e-07 	 731
4.1996827349066734e-08 	 731
8.399365469813347e-08 	 731
8.298957254737616e-08 	 731
1.2500095181167126e-07 	 731
8.400820661336184e-08 	 731
1.6599369700998068e-07 	 731
8.399365469813347e-08 	 731
8.298957254737616e-08 	 782
8.399365469813347e-08 	 782
1.2500095181167126e-07 	 782
1.2500095181167126e-07 	 782
8.300412446260452e-08 	 782
1.2500095181167126e-07 	 782
1.2500095181167126e-07 	 782
1.2500095181167126e-07 	 782
8.300412446260452e-08 	 782
8.399365469813347e-08 	 627
8.300412446260452e-08 	 627
1.2500095181167126e-07 	 627
8.298957254737616e-08 	 627
8.300412446260452e-08 	 627
1.2500095181167126e-07 	 627
1.2500095181167126e-07 	 627
1.2500095181167126e-07 	 851
8.300412446260452e-08 	 851
8.399365469813347e-08 	 851
1.2500095181167126e-07 	 851
8.300412446260452e-08 	 851
8.300412446260452e-08 	 851
1.2500095181167126e-07 	 851
8.300412446260452e-08 	 851
8.400820661336184e-08 	 910
8.399365469813347e-08 	 910
1.2500095181167126e-07 	 910
8.399365469813347e-08 	 910
8.300412446260452e-08 	 910
8.400820661336184e-08 	 910
1.2500095181167126e-07 	 910
8.400820661336184e-08 	 910
1.2500095181167126e-07 	 655
1.249863998964429e-07 	 655
8.400820661336184e-08 	 655
4.20113792642951e-08 	 655
8.300412446260452e-08 	 655
1.2500095181167126e-07 	 655
8.300412446260452e-08 	 655
1.2500095181167126e-07 	 655
1.2500095181167126e-07 	 461
1.2500095181167126e-07 	 461
1.2500095181167126e-07 	 461
8.400820661336184e-08 	 461
8.300412446260452e-08 	 417
1.2500095181167126e-07 	 417
1.2500095181167126e-07 	 417
8.300412446260452e-08 	 417
4.1996827349066734e-08 	 417
1.2500095181167126e-07 	 417
1.2500095181167126e-07 	 932
1.2500095181167126e-07 	 932
1.2500095181167126e-07 	 932
4.1996827349066734e-08 	 932
8.298957254737616e-08 	 932
4.1996827349066734e-08 	 932
8.300412446260452e-08 	 932
8.300412446260452e-08 	 932
1.2500095181167126e-07 	 932
1.2500095181167126e-07 	 932
4.1996827349066734e-08 	 435
1.2500095181167126e-07 	 435
8.400820661336184e-08 	 435
8.399365469813347e-08 	 435
8.298957254737616e-08 	 612
1.2500095181167126e-07 	 612
1.2500095181167126e-07 	 612
8.298957254737616e-08 	 612
1.2500095181167126e-07 	 612
8.300412446260452e-08 	 612
8.300412446260452e-08 	 612
8.300412446260452e-08 	 911
1.2500095181167126e-07 	 911
1.2500095181167126e-07 	 911
8.300412446260452e-08 	 911
1.2500095181167126e-07 	 911
8.399365469813347e-08 	 911
8.298957254737616e-08 	 911
8.300412446260452e-08 	 911
8.298957254737616e-08 	 423
8.300412446260452e-08 	 423
1.2500095181167126e-07 	 423
8.399365469813347e-08 	 423
8.300412446260452e-08 	 415
8.298957254737616e-08 	 415
1.2500095181167126e-07 	 415
1.2500095181167126e-07 	 415
1.2500095181167126e-07 	 894
1.249863998964429e-07 	 894
1.2500095181167126e-07 	 894
1.2500095181167126e-07 	 894
8.300412446260452e-08 	 894
1.249863998964429e-07 	 894
1.2500095181167126e-07 	 894
1.2500095181167126e-07 	 894
8.298957254737616e-08 	 894
1.2500095181167126e-07 	 894
8.300412446260452e-08 	 680
8.298957254737616e-08 	 680
8.399365469813347e-08 	 680
8.298957254737616e-08 	 680
8.399365469813347e-08 	 680
8.300412446260452e-08 	 680
8.300412446260452e-08 	 680
1.2500095181167126e-07 	 680
8.300412446260452e-08 	 639
8.400820661336184e-08 	 639
8.300412446260452e-08 	 639
1.66997779160738e-07 	 639
1.2500095181167126e-07 	 639
8.300412446260452e-08 	 639
8.300412446260452e-08 	 639
8.300412446260452e-08 	 639
1.2500095181167126e-07 	 695
4.1996827349066734e-08 	 695
8.300412446260452e-08 	 695
8.300412446260452e-08 	 695
8.300412446260452e-08 	 695
8.298957254737616e-08 	 695
1.2500095181167126e-07 	 695
8.300412446260452e-08 	 695
8.300412446260452e-08 	 695
8.400820661336184e-08 	 680
1.2500095181167126e-07 	 680
8.399365469813347e-08 	 680
1.2500095181167126e-07 	 680
8.399365469813347e-08 	 680
1.2500095181167126e-07 	 680
8.400820661336184e-08 	 680
8.399365469813347e-08 	 680
8.400820661336184e-08 	 761
8.300412446260452e-08 	 761
8.300412446260452e-08 	 761
1.2500095181167126e-07 	 761
1.2500095181167126e-07 	 761
8.300412446260452e-08 	 761
8.300412446260452e-08 	 761
8.399365469813347e-08 	 761
8.300412446260452e-08 	 761
8.300412446260452e-08 	 568
8.400820661336184e-08 	 568
1.2500095181167126e-07 	 568
8.300412446260452e-08 	 568
8.399365469813347e-08 	 568
8.300412446260452e-08 	 568
8.300412446260452e-08 	 568
8.300412446260452e-08 	 568
8.300412446260452e-08 	 568
8.330098353326321e-07 	 611
1.6600824892520905e-07 	 611
8.399365469813347e-08 	 611
1.2500095181167126e-07 	 611
8.399365469813347e-08 	 611
8.399365469813347e-08 	 611
1.2500095181167126e-07 	 607
8.400820661336184e-08 	 607
1.2500095181167126e-07 	 607
1.6600824892520905e-07 	 667
1.2500095181167126e-07 	 667
1.2500095181167126e-07 	 667
1.2500095181167126e-07 	 667
1.2500095181167126e-07 	 950
8.300412446260452e-08 	 950
8.298957254737616e-08 	 950
8.300412446260452e-08 	 950
8.400820661336184e-08 	 950
1.2500095181167126e-07 	 950
1.249863998964429e-07 	 950
8.298957254737616e-08 	 950
8.300412446260452e-08 	 950
1.6599369700998068e-07 	 809
1.2500095181167126e-07 	 809
8.300412446260452e-08 	 809
1.2500095181167126e-07 	 809
8.300412446260452e-08 	 809
8.399365469813347e-08 	 809
8.300412446260452e-08 	 809
8.300412446260452e-08 	 507
1.2500095181167126e-07 	 507
8.298957254737616e-08 	 507
8.300412446260452e-08 	 507
1.2500095181167126e-07 	 507
8.300412446260452e-08 	 507
1.66997779160738e-07 	 999
1.2500095181167126e-07 	 999
1.2500095181167126e-07 	 999
8.300412446260452e-08 	 999
8.400820661336184e-08 	 999
1.2500095181167126e-07 	 999
1.2500095181167126e-07 	 999
1.2500095181167126e-07 	 999
8.300412446260452e-08 	 999
8.300412446260452e-08 	 999
8.300412446260452e-08 	 576
8.400820661336184e-08 	 576
8.300412446260452e-08 	 576
4.1996827349066734e-08 	 576
4.20113792642951e-08 	 576
8.399365469813347e-08 	 576
8.298957254737616e-08 	 576
8.300412446260452e-08 	 490
8.298957254737616e-08 	 490
8.300412446260452e-08 	 490
8.399365469813347e-08 	 490
8.298957254737616e-08 	 490
1.2500095181167126e-07 	 490
8.300412446260452e-08 	 490
8.300412446260452e-08 	 490
1.2500095181167126e-07 	 411
1.6599369700998068e-07 	 411
1.2500095181167126e-07 	 411
8.399365469813347e-08 	 411
8.300412446260452e-08 	 411
8.399365469813347e-08 	 411
1.2500095181167126e-07 	 891
1.2500095181167126e-07 	 891
1.2500095181167126e-07 	 891
1.2500095181167126e-07 	 891
8.300412446260452e-08 	 891
8.298957254737616e-08 	 891
8.300412446260452e-08 	 891
8.300412446260452e-08 	 891
8.300412446260452e-08 	 891
1.2500095181167126e-07 	 427
8.300412446260452e-08 	 427
8.300412446260452e-08 	 427
8.300412446260452e-08 	 427
1.2500095181167126e-07 	 427
2.500019036233425e-07 	 819
1.2500095181167126e-07 	 819
1.2500095181167126e-07 	 819
8.298957254737616e-08 	 819
8.300412446260452e-08 	 819
1.2500095181167126e-07 	 819
8.400820661336184e-08 	 819
1.2500095181167126e-07 	 819
1.2500095181167126e-07 	 819
1.2500095181167126e-07 	 602
4.1996827349066734e-08 	 602
2.500019036233425e-07 	 602
1.2500095181167126e-07 	 602
8.300412446260452e-08 	 602
8.300412446260452e-08 	 602
8.300412446260452e-08 	 602
1.2500095181167126e-07 	 902
8.399365469813347e-08 	 902
8.298957254737616e-08 	 902
8.399365469813347e-08 	 902
8.400820661336184e-08 	 902
8.300412446260452e-08 	 902
1.2500095181167126e-07 	 902
1.2500095181167126e-07 	 902
8.399365469813347e-08 	 902
1.2500095181167126e-07 	 902
8.300412446260452e-08 	 724
8.300412446260452e-08 	 724
1.2500095181167126e-07 	 724
8.300412446260452e-08 	 724
8.300412446260452e-08 	 724
1.2500095181167126e-07 	 724
1.2500095181167126e-07 	 691
8.300412446260452e-08 	 691
8.400820661336184e-08 	 691
8.300412446260452e-08 	 691
4.20113792642951e-08 	 691
8.399365469813347e-08 	 691
8.300412446260452e-08 	 691
1.2500095181167126e-07 	 691
4.1996827349066734e-08 	 691
8.399365469813347e-08 	 650
1.2500095181167126e-07 	 650
2.079905243590474e-07 	 650
1.2500095181167126e-07 	 398
1.2500095181167126e-07 	 398
1.2500095181167126e-07 	 398
8.399365469813347e-08 	 398
8.298957254737616e-08 	 398
8.399365469813347e-08 	 951
8.399365469813347e-08 	 951
4.20113792642951e-08 	 951
2.500019036233425e-07 	 951
8.300412446260452e-08 	 951
1.2500095181167126e-07 	 951
1.2500095181167126e-07 	 951
8.400820661336184e-08 	 951
8.300412446260452e-08 	 951
4.1996827349066734e-08 	 581
1.2500095181167126e-07 	 581
8.300412446260452e-08 	 581
2.0800507627427578e-07 	 581
8.298957254737616e-08 	 581
8.400820661336184e-08 	 305
8.300412446260452e-08 	 305
8.298957254737616e-08 	 305
4.20113792642951e-08 	 305
1.66997779160738e-07 	 877
8.399365469813347e-08 	 877
8.300412446260452e-08 	 877
8.399365469813347e-08 	 877
1.249863998964429e-07 	 877
8.400820661336184e-08 	 877
1.2500095181167126e-07 	 877
2.4998735170811415e-07 	 877
1.2500095181167126e-07 	 620
8.300412446260452e-08 	 620
8.298957254737616e-08 	 620
8.399365469813347e-08 	 620
8.298957254737616e-08 	 620
8.300412446260452e-08 	 620
8.400820661336184e-08 	 620
1.2500095181167126e-07 	 620
4.1996827349066734e-08 	 620
2.079905243590474e-07 	 954
8.300412446260452e-08 	 954
8.300412446260452e-08 	 954
8.300412446260452e-08 	 954
1.2500095181167126e-07 	 954
8.399365469813347e-08 	 954
1.2500095181167126e-07 	 954
1.2500095181167126e-07 	 954
8.298957254737616e-08 	 954
1.6599369700998068e-07 	 608
8.300412446260452e-08 	 608
8.300412446260452e-08 	 608
1.2500095181167126e-07 	 608
4.1996827349066734e-08 	 608
1.2500095181167126e-07 	 712
8.300412446260452e-08 	 712
1.2500095181167126e-07 	 712
1.2500095181167126e-07 	 712
4.1996827349066734e-08 	 712
8.300412446260452e-08 	 712
8.400820661336184e-08 	 712
1.2500095181167126e-07 	 516
8.300412446260452e-08 	 516
1.2500095181167126e-07 	 516
1.2500095181167126e-07 	 516
8.400820661336184e-08 	 792
2.4998735170811415e-07 	 792
4.1996827349066734e-08 	 792
1.2500095181167126e-07 	 792
1.2500095181167126e-07 	 792
8.400820661336184e-08 	 792
8.399365469813347e-08 	 792
8.300412446260452e-08 	 363
1.2500095181167126e-07 	 363
1.2500095181167126e-07 	 363
8.300412446260452e-08 	 471
1.2500095181167126e-07 	 471
1.2500095181167126e-07 	 471
1.2500095181167126e-07 	 471
8.400820661336184e-08 	 471
1.2500095181167126e-07 	 725
2.500019036233425e-07 	 725
8.298957254737616e-08 	 725
8.300412446260452e-08 	 725
8.300412446260452e-08 	 725
8.400820661336184e-08 	 725
1.2500095181167126e-07 	 471
1.66997779160738e-07 	 471
8.400820661336184e-08 	 471
8.300412446260452e-08 	 471
8.300412446260452e-08 	 471
8.399365469813347e-08 	 498
1.2500095181167126e-07 	 498
8.300412446260452e-08 	 498
8.400820661336184e-08 	 498
8.300412446260452e-08 	 498
8.300412446260452e-08 	 432
8.300412446260452e-08 	 432
8.399365469813347e-08 	 432
8.300412446260452e-08 	 432
8.298957254737616e-08 	 684
8.300412446260452e-08 	 684
8.399365469813347e-08 	 684
1.2500095181167126e-07 	 684
1.66997779160738e-07 	 684
8.300412446260452e-08 	 684
8.300412446260452e-08 	 714
8.300412446260452e-08 	 714
1.2500095181167126e-07 	 714
4.20113792642951e-08 	 714
1.2500095181167126e-07 	 714
8.399365469813347e-08 	 714
8.399365469813347e-08 	 353
8.298957254737616e-08 	 353
1.2500095181167126e-07 	 496
8.300412446260452e-08 	 496
8.300412446260452e-08 	 496
8.300412446260452e-08 	 496
1.2500095181167126e-07 	 496
8.298957254737616e-08 	 364
1.2500095181167126e-07 	 364
8.298957254737616e-08 	 364
8.300412446260452e-08 	 505
8.400820661336184e-08 	 505
1.2500095181167126e-07 	 505
8.399365469813347e-08 	 505
1.2500095181167126e-07 	 505
8.400820661336184e-08 	 505
8.400820661336184e-08 	 929
1.2500095181167126e-07 	 929
1.249863998964429e-07 	 929
8.400820661336184e-08 	 929
8.300412446260452e-08 	 929
1.2500095181167126e-07 	 929
8.300412446260452e-08 	 929
8.298957254737616e-08 	 929
2.4998735170811415e-07 	 685
8.300412446260452e-08 	 685
2.079905243590474e-07 	 685
8.300412446260452e-08 	 685
8.300412446260452e-08 	 685
1.249863998964429e-07 	 685
8.400820661336184e-08 	 685
8.300412446260452e-08 	 685
1.2500095181167126e-07 	 741
1.2500095181167126e-07 	 741
8.300412446260452e-08 	 741
8.300412446260452e-08 	 741
8.400820661336184e-08 	 741
8.300412446260452e-08 	 741
8.400820661336184e-08 	 741
1.2500095181167126e-07 	 969
8.300412446260452e-08 	 969
4.20113792642951e-08 	 969
4.1996827349066734e-08 	 969
8.300412446260452e-08 	 969
8.400820661336184e-08 	 969
1.2500095181167126e-07 	 969
8.400820661336184e-08 	 969
8.300412446260452e-08 	 969
4.20113792642951e-08 	 969
8.300412446260452e-08 	 348
2.500019036233425e-07 	 348
8.300412446260452e-08 	 348
8.298957254737616e-08 	 348
8.399365469813347e-08 	 348
1.66997779160738e-07 	 348
1.2500095181167126e-07 	 568
1.6701233107596636e-07 	 568
1.66997779160738e-07 	 568
1.2500095181167126e-07 	 568
8.400820661336184e-08 	 568
8.399365469813347e-08 	 568
8.300412446260452e-08 	 804
2.079905243590474e-07 	 804
1.2500095181167126e-07 	 804
1.249863998964429e-07 	 804
8.298957254737616e-08 	 804
4.1996827349066734e-08 	 804
8.298957254737616e-08 	 804
1.6599369700998068e-07 	 804
1.2500095181167126e-07 	 914
8.300412446260452e-08 	 914
8.400820661336184e-08 	 914
8.399365469813347e-08 	 914
1.2500095181167126e-07 	 914
8.300412446260452e-08 	 914
1.249863998964429e-07 	 914
8.400820661336184e-08 	 914
8.300412446260452e-08 	 914
8.298957254737616e-08 	 914
1.2500095181167126e-07 	 872
1.2500095181167126e-07 	 872
8.298957254737616e-08 	 872
8.300412446260452e-08 	 872
8.399365469813347e-08 	 872
1.2500095181167126e-07 	 872
1.2500095181167126e-07 	 872
8.300412446260452e-08 	 872
8.298957254737616e-08 	 875
1.2500095181167126e-07 	 875
1.6600824892520905e-07 	 875
8.300412446260452e-08 	 875
1.2500095181167126e-07 	 875
8.300412446260452e-08 	 875
2.079905243590474e-07 	 875
1.2500095181167126e-07 	 963
1.2500095181167126e-07 	 963
1.2500095181167126e-07 	 963
2.0800507627427578e-07 	 963
1.2500095181167126e-07 	 963
1.2500095181167126e-07 	 963
8.400820661336184e-08 	 963
8.300412446260452e-08 	 963
1.249863998964429e-07 	 963
1.2500095181167126e-07 	 963
8.300412446260452e-08 	 640
8.298957254737616e-08 	 640
4.1996827349066734e-08 	 640
8.400820661336184e-08 	 640
8.300412446260452e-08 	 640
8.300412446260452e-08 	 640
8.399365469813347e-08 	 640
1.2500095181167126e-07 	 758
1.2500095181167126e-07 	 758
1.2500095181167126e-07 	 758
1.2500095181167126e-07 	 758
8.399365469813347e-08 	 758
1.2500095181167126e-07 	 758
8.298957254737616e-08 	 758
8.300412446260452e-08 	 318
8.300412446260452e-08 	 318
1.2500095181167126e-07 	 685
8.399365469813347e-08 	 685
8.300412446260452e-08 	 685
8.300412446260452e-08 	 685
8.399365469813347e-08 	 685
8.298957254737616e-08 	 685
8.300412446260452e-08 	 685
2.0899460650980473e-07 	 514
8.300412446260452e-08 	 514
1.2500095181167126e-07 	 514
8.300412446260452e-08 	 514
1.2500095181167126e-07 	 514
1.2500095181167126e-07 	 514
8.399365469813347e-08 	 697
8.399365469813347e-08 	 697
1.2500095181167126e-07 	 697
1.2500095181167126e-07 	 523
1.2500095181167126e-07 	 523
8.300412446260452e-08 	 523
1.2500095181167126e-07 	 523
1.2500095181167126e-07 	 523
8.300412446260452e-08 	 523
8.399365469813347e-08 	 523
8.300412446260452e-08 	 423
8.300412446260452e-08 	 423
8.399365469813347e-08 	 423
8.300412446260452e-08 	 423
8.399365469813347e-08 	 423
8.399365469813347e-08 	 362
8.300412446260452e-08 	 330
4.20113792642951e-08 	 330
8.298957254737616e-08 	 330
1.2500095181167126e-07 	 330
8.300412446260452e-08 	 559
8.298957254737616e-08 	 559
2.079905243590474e-07 	 559
1.2500095181167126e-07 	 559
8.300412446260452e-08 	 559
1.2500095181167126e-07 	 456
1.2500095181167126e-07 	 456
1.2500095181167126e-07 	 456
1.2500095181167126e-07 	 449
8.399365469813347e-08 	 449
8.399365469813347e-08 	 449
8.400820661336184e-08 	 449
1.6701233107596636e-07 	 311
8.298957254737616e-08 	 311
8.300412446260452e-08 	 311
8.300412446260452e-08 	 311
8.298957254737616e-08 	 415
1.2500095181167126e-07 	 415
8.300412446260452e-08 	 415
1.2500095181167126e-07 	 415
8.300412446260452e-08 	 415
8.300412446260452e-08 	 664
1.2500095181167126e-07 	 664
8.399365469813347e-08 	 664
1.2500095181167126e-07 	 664
8.300412446260452e-08 	 664
8.300412446260452e-08 	 664
8.298957254737616e-08 	 664
8.300412446260452e-08 	 664
8.298957254737616e-08 	 664
8.399365469813347e-08 	 793
1.2500095181167126e-07 	 793
1.2500095181167126e-07 	 793
1.2500095181167126e-07 	 793
1.2500095181167126e-07 	 793
8.300412446260452e-08 	 793
8.400820661336184e-08 	 793
8.300412446260452e-08 	 365
4.1996827349066734e-08 	 365
1.2500095181167126e-07 	 921
2.0800507627427578e-07 	 921
2.0800507627427578e-07 	 921
1.2500095181167126e-07 	 921
1.6600824892520905e-07 	 921
8.400820661336184e-08 	 921
1.2500095181167126e-07 	 921
1.2500095181167126e-07 	 538
1.2500095181167126e-07 	 538
8.399365469813347e-08 	 538
8.298957254737616e-08 	 889
1.2500095181167126e-07 	 889
8.399365469813347e-08 	 889
8.400820661336184e-08 	 889
1.2500095181167126e-07 	 889
1.2500095181167126e-07 	 889
8.400820661336184e-08 	 889
8.399365469813347e-08 	 889
8.399365469813347e-08 	 886
8.300412446260452e-08 	 886
1.2500095181167126e-07 	 886
1.2500095181167126e-07 	 886
8.300412446260452e-08 	 886
1.2500095181167126e-07 	 886
1.2500095181167126e-07 	 886
1.2500095181167126e-07 	 886
8.298957254737616e-08 	 886
8.399365469813347e-08 	 827
1.2500095181167126e-07 	 827
8.300412446260452e-08 	 827
8.399365469813347e-08 	 827
8.298957254737616e-08 	 827
2.500019036233425e-07 	 827
4.1996827349066734e-08 	 827
8.298957254737616e-08 	 827
1.2500095181167126e-07 	 827
8.400820661336184e-08 	 408
8.300412446260452e-08 	 408
8.399365469813347e-08 	 408
1.2500095181167126e-07 	 992
1.2500095181167126e-07 	 992
1.2500095181167126e-07 	 992
4.20113792642951e-08 	 992
8.399365469813347e-08 	 992
1.2500095181167126e-07 	 992
4.1996827349066734e-08 	 992
8.399365469813347e-08 	 992
1.6599369700998068e-07 	 992
8.399365469813347e-08 	 992
1.2500095181167126e-07 	 882
8.399365469813347e-08 	 882
8.399365469813347e-08 	 882
8.298957254737616e-08 	 882
8.399365469813347e-08 	 882
8.298957254737616e-08 	 882
8.300412446260452e-08 	 882
1.2500095181167126e-07 	 882
1.2500095181167126e-07 	 852
8.400820661336184e-08 	 852
1.2500095181167126e-07 	 852
1.2500095181167126e-07 	 852
4.1996827349066734e-08 	 852
8.300412446260452e-08 	 852
8.400820661336184e-08 	 852
8.300412446260452e-08 	 852
8.298957254737616e-08 	 852
1.2500095181167126e-07 	 951
2.9099464882165194e-07 	 951
8.400820661336184e-08 	 951
1.66997779160738e-07 	 951
8.300412446260452e-08 	 951
1.2500095181167126e-07 	 951
2.079905243590474e-07 	 951
8.300412446260452e-08 	 951
8.300412446260452e-08 	 951
4.1996827349066734e-08 	 309
1.2500095181167126e-07 	 309
8.300412446260452e-08 	 309
1.2500095181167126e-07 	 730
4.1996827349066734e-08 	 730
1.2500095181167126e-07 	 730
8.399365469813347e-08 	 730
8.300412446260452e-08 	 730
8.300412446260452e-08 	 730
8.400820661336184e-08 	 730
1.2500095181167126e-07 	 730
8.300412446260452e-08 	 730
8.399365469813347e-08 	 525
8.400820661336184e-08 	 525
1.2500095181167126e-07 	 525
8.300412446260452e-08 	 525
8.399365469813347e-08 	 525
8.300412446260452e-08 	 791
8.400820661336184e-08 	 791
8.300412446260452e-08 	 791
8.300412446260452e-08 	 791
1.2500095181167126e-07 	 791
8.300412446260452e-08 	 791
1.2500095181167126e-07 	 791
8.400820661336184e-08 	 576
8.400820661336184e-08 	 576
1.2500095181167126e-07 	 576
8.300412446260452e-08 	 576
8.298957254737616e-08 	 576
1.2500095181167126e-07 	 576
1.2500095181167126e-07 	 585
4.1996827349066734e-08 	 585
8.300412446260452e-08 	 585
8.400820661336184e-08 	 585
1.2500095181167126e-07 	 585
1.66997779160738e-07 	 585
8.298957254737616e-08 	 585
8.400820661336184e-08 	 585
4.1996827349066734e-08 	 314
8.300412446260452e-08 	 314
1.2500095181167126e-07 	 314
8.300412446260452e-08 	 314
1.2500095181167126e-07 	 924
1.66997779160738e-07 	 924
8.300412446260452e-08 	 924
1.2500095181167126e-07 	 924
8.300412446260452e-08 	 924
8.300412446260452e-08 	 924
8.399365469813347e-08 	 924
8.298957254737616e-08 	 924
8.300412446260452e-08 	 326
1.2500095181167126e-07 	 326
1.2500095181167126e-07 	 813
1.2500095181167126e-07 	 813
8.300412446260452e-08 	 813
1.2500095181167126e-07 	 813
8.399365469813347e-08 	 813
8.298957254737616e-08 	 813
8.298957254737616e-08 	 813
8.300412446260452e-08 	 813
2.4998735170811415e-07 	 813
1.2500095181167126e-07 	 895
1.2500095181167126e-07 	 895
8.300412446260452e-08 	 895
1.2500095181167126e-07 	 895
8.298957254737616e-08 	 895
8.298957254737616e-08 	 895
8.399365469813347e-08 	 895
2.079905243590474e-07 	 895
8.300412446260452e-08 	 895
8.298957254737616e-08 	 895
8.300412446260452e-08 	 762
4.1996827349066734e-08 	 762
8.298957254737616e-08 	 762
1.2500095181167126e-07 	 762
8.399365469813347e-08 	 762
8.400820661336184e-08 	 762
8.400820661336184e-08 	 762
8.300412446260452e-08 	 506
8.300412446260452e-08 	 506
1.2500095181167126e-07 	 506
8.400820661336184e-08 	 506
8.300412446260452e-08 	 983
4.20113792642951e-08 	 983
8.300412446260452e-08 	 983
8.300412446260452e-08 	 983
8.298957254737616e-08 	 983
8.300412446260452e-08 	 983
8.298957254737616e-08 	 983
8.300412446260452e-08 	 983
1.2500095181167126e-07 	 983
8.300412446260452e-08 	 983
8.300412446260452e-08 	 482
8.399365469813347e-08 	 482
1.66997779160738e-07 	 482
8.298957254737616e-08 	 482
1.2500095181167126e-07 	 357
1.2500095181167126e-07 	 357
8.399365469813347e-08 	 357
8.300412446260452e-08 	 357
8.300412446260452e-08 	 357
8.300412446260452e-08 	 444
1.2500095181167126e-07 	 352
1.2500095181167126e-07 	 352
1.2500095181167126e-07 	 791
8.399365469813347e-08 	 791
1.2500095181167126e-07 	 791
1.2500095181167126e-07 	 791
8.298957254737616e-08 	 791
1.2500095181167126e-07 	 791
1.2500095181167126e-07 	 927
8.400820661336184e-08 	 927
8.399365469813347e-08 	 927
1.2500095181167126e-07 	 927
8.300412446260452e-08 	 927
1.2500095181167126e-07 	 927
8.300412446260452e-08 	 927
1.2500095181167126e-07 	 927
4.1996827349066734e-08 	 927
8.399365469813347e-08 	 927
